HotSwapMem,NIC Multipathing,HBA Multipathing,SANAttached,OSVerCurrent,OSPatchCurrent,Clustered,BackupData,BackupOS,RedundentPSU,Monitoring,OSParams,LocalDiskMirroring,AgeOfServer,Warranty Status,EOSLHW,DR,EOSLOS,AvCPUUtil,AvMemUtil,VulScan,OSHard,ManagmentIP,Class
1,1,1,1,1,1,0,1,1,0,1,1,1,1,0,3,1,3,16,84,1,1,0,2
1,1,0,1,0,1,0,1,1,0,1,0,0,6,1,0,0,3,45,82,1,1,0,3
1,1,1,1,1,1,1,1,0,0,1,4,1,4,0,3,1,4,49,69,0,1,0,2
1,1,1,1,0,1,1,1,1,1,1,5,1,1,1,0,1,4,77,41,1,1,0,3
0,0,1,1,1,0,0,1,1,0,0,4,1,4,0,-2,1,4,26,29,1,1,1,2
1,1,1,1,1,1,1,1,1,1,0,3,0,0,0,4,0,2,64,83,0,1,0,2
1,1,1,1,1,1,1,1,1,1,1,5,0,5,0,3,0,3,42,72,1,1,0,4
1,1,1,1,0,0,0,1,1,0,0,5,0,5,1,-1,0,3,48,35,0,1,0,2
1,0,0,0,1,1,1,1,0,1,1,3,0,0,1,1,0,3,45,40,1,1,1,3
0,0,1,0,1,1,1,1,1,1,0,4,1,0,0,2,0,4,58,41,0,0,0,1
0,1,1,1,0,0,1,1,1,1,0,1,0,5,0,-3,0,3,67,15,0,0,1,1
1,1,0,1,0,1,1,1,0,1,1,0,0,5,0,-2,0,2,39,76,0,1,0,2
0,1,1,0,1,0,1,0,1,1,0,3,1,5,0,2,1,2,83,34,0,0,1,1
1,1,1,1,1,1,1,1,1,1,1,3,0,3,1,1,0,4,64,73,1,1,1,4
1,1,1,1,0,0,1,1,1,1,1,0,0,0,1,2,0,4,57,61,1,1,1,3
0,1,0,1,1,1,0,1,0,1,0,3,0,6,1,-1,0,4,11,54,0,1,1,2
1,1,1,1,0,1,0,1,1,1,0,4,1,1,0,1,0,2,49,42,1,1,0,2
0,0,1,0,0,1,1,1,0,1,0,5,1,4,1,4,0,4,74,37,0,0,0,1
1,1,1,1,0,1,1,1,1,1,1,2,0,1,1,4,1,3,35,65,1,1,1,3
0,0,1,0,1,1,0,0,0,0,0,4,0,1,1,4,1,4,79,66,1,1,0,1
1,1,1,1,0,1,0,1,1,0,1,1,1,2,1,1,1,4,51,76,1,1,1,3
0,0,0,0,1,1,0,0,1,0,0,2,1,1,0,-2,1,2,34,75,0,0,0,1
1,1,1,1,1,1,1,1,1,1,1,1,0,4,0,3,0,4,48,50,1,1,1,4
0,1,1,1,0,0,0,1,1,0,0,0,0,0,1,2,0,4,84,83,1,1,0,2
1,0,0,1,1,1,1,1,0,1,0,4,0,5,0,4,1,2,47,59,1,1,1,2
0,1,1,1,0,0,1,1,0,1,1,0,0,7,1,0,1,4,21,20,1,1,0,3
1,1,1,1,0,0,0,1,1,0,1,4,1,6,0,0,1,3,31,48,0,1,0,2
0,1,0,1,1,1,1,1,0,0,0,4,0,7,0,1,1,2,50,60,1,1,0,2
0,1,1,1,1,1,0,0,1,0,0,1,0,7,0,0,1,2,26,17,0,0,0,1
1,1,1,1,1,1,0,1,1,1,0,5,0,5,1,3,0,4,79,14,0,1,1,2
1,1,1,1,0,1,0,1,1,0,0,1,0,2,0,3,0,2,81,11,1,1,1,2
0,0,1,1,0,1,0,0,0,0,1,0,0,7,1,-3,1,3,30,28,1,1,0,1
0,1,1,1,1,0,0,1,0,0,1,3,0,6,0,3,0,3,18,74,1,1,0,3
1,1,1,1,1,1,0,1,1,1,1,3,0,1,1,2,0,2,74,22,1,1,0,4
0,1,1,1,0,1,0,0,1,0,1,3,1,5,1,-3,0,4,46,47,1,1,0,1
0,1,0,1,1,1,0,1,1,1,0,4,0,6,1,0,0,3,75,20,1,1,1,2
1,1,1,1,1,0,1,1,1,1,1,0,0,0,0,0,1,3,77,54,1,1,1,3
1,1,1,1,1,1,1,1,1,1,1,5,1,3,1,2,1,3,53,77,1,1,1,5
1,1,1,1,1,1,1,0,1,1,1,5,0,6,0,-1,1,2,25,15,0,1,1,1
0,1,0,0,1,0,0,0,0,0,1,5,1,2,1,-2,1,4,67,61,0,0,1,1
0,0,1,1,1,0,0,1,1,1,0,5,0,4,0,-1,1,3,32,84,1,1,0,2
1,0,1,0,0,0,0,1,1,1,1,0,0,4,0,3,0,4,26,47,0,1,1,2
1,1,1,1,0,0,1,1,1,1,1,1,0,5,1,2,1,3,63,30,1,1,1,3
0,0,1,1,0,1,0,1,0,0,1,4,1,7,0,1,0,3,73,62,1,1,0,3
1,1,1,1,1,1,1,1,1,1,1,3,0,0,1,1,0,2,35,51,1,1,1,4
1,1,1,1,0,0,1,1,1,1,1,1,1,6,0,3,0,4,21,33,1,1,0,3
0,1,0,1,0,0,1,1,0,1,1,0,1,5,1,3,1,4,69,70,0,1,1,2
1,1,1,1,0,0,1,1,1,0,0,1,0,0,0,2,1,4,27,35,1,1,0,2
0,0,1,1,0,1,1,0,0,0,0,0,1,0,1,4,1,3,45,61,1,1,0,1
1,1,1,1,1,0,1,1,1,1,1,0,1,1,0,-1,1,2,82,64,1,1,0,3
0,0,1,1,1,1,0,1,1,0,1,0,1,6,1,0,1,3,9,29,1,0,0,3
1,1,1,1,1,0,1,1,1,1,1,1,1,7,1,-1,1,4,76,13,1,1,0,3
1,1,1,1,0,1,1,1,1,1,1,0,0,0,0,3,0,3,74,63,1,1,1,3
1,0,0,0,0,0,1,1,1,1,0,1,0,6,1,4,1,4,32,76,1,0,0,1
1,1,0,1,1,0,1,1,1,0,1,2,1,6,1,-3,1,3,32,14,1,1,0,3
1,0,0,1,1,1,0,0,1,0,0,2,0,2,1,0,0,3,69,51,1,0,0,1
1,0,0,1,1,1,0,1,0,1,0,2,1,1,1,-3,0,2,74,57,1,1,1,2
1,0,1,1,1,1,0,0,1,0,1,2,0,7,0,3,1,4,57,21,1,0,1,1
0,1,0,1,0,0,1,0,1,0,0,3,1,2,1,1,0,3,41,84,0,1,0,1
1,1,1,1,1,1,1,1,1,1,1,1,1,7,0,2,1,2,75,70,1,1,1,4
0,0,1,1,1,0,1,1,0,0,0,0,1,4,1,-2,1,4,77,26,1,0,1,1
0,1,0,0,1,1,0,1,0,1,1,3,1,6,1,-1,0,3,23,42,1,0,1,3
1,1,1,1,1,1,1,1,1,1,1,3,0,1,0,1,0,3,24,72,1,1,0,4
1,1,0,1,0,1,1,0,1,0,0,1,0,4,0,1,0,4,59,73,0,0,1,1
1,1,1,1,0,1,0,1,1,1,1,2,1,2,0,0,1,3,74,71,0,1,0,2
0,1,1,0,0,1,1,0,0,0,1,0,1,2,0,-1,1,4,19,26,1,1,0,1
0,0,0,1,1,1,0,1,0,1,0,4,0,3,1,-1,0,4,19,14,1,1,1,2
1,1,1,1,1,0,1,1,1,1,1,3,0,6,1,0,1,3,46,69,1,1,0,3
0,1,1,1,1,1,1,1,1,1,1,2,1,2,1,1,1,4,65,27,1,1,0,4
0,1,0,0,0,0,1,1,1,0,1,5,1,6,1,2,0,4,38,80,0,0,0,1
1,0,0,1,1,1,1,1,1,0,1,0,1,6,0,3,1,4,76,61,1,1,0,3
1,1,1,1,0,0,0,1,1,1,0,4,0,1,0,-1,1,4,13,24,0,1,0,2
1,0,0,1,1,0,0,0,1,1,1,4,0,6,1,1,0,2,71,45,1,0,1,1
1,0,1,1,1,1,1,0,1,0,1,5,1,1,0,-2,1,3,10,63,0,0,0,1
0,0,0,0,0,0,0,0,0,1,0,3,0,0,1,2,1,3,60,50,0,0,0,1
1,1,1,0,0,1,0,0,0,1,0,1,0,1,1,-1,0,3,57,55,0,0,0,1
0,1,0,1,1,1,1,1,1,0,1,2,1,2,0,1,1,3,46,29,1,1,1,3
0,0,0,0,0,0,0,0,0,0,0,1,1,3,1,4,0,4,78,19,0,1,0,1
0,0,0,0,1,1,0,0,0,1,1,4,0,1,0,4,0,2,18,60,0,0,1,1
0,0,1,1,1,0,0,0,1,1,0,4,0,4,0,0,0,4,25,66,0,1,1,1
0,1,1,0,0,1,1,0,1,0,0,5,1,7,0,2,1,3,59,49,0,1,0,1
0,1,0,1,0,1,0,1,1,1,0,2,0,1,0,2,0,2,52,45,1,1,0,2
1,0,0,1,0,1,1,1,1,1,0,1,0,5,0,-3,1,2,63,12,0,1,0,2
0,0,0,1,0,0,1,0,1,1,1,2,1,2,1,2,1,3,12,52,0,0,1,1
1,1,1,1,1,1,1,1,1,1,1,2,1,2,1,1,1,4,65,20,1,1,0,5
1,0,1,0,1,0,1,1,0,0,0,4,0,0,0,-3,1,2,28,57,1,1,1,2
1,1,1,1,1,0,1,1,1,1,1,1,0,5,0,-1,0,4,19,30,1,1,0,3
1,1,1,1,0,0,1,1,1,0,0,4,0,3,1,3,1,2,60,71,0,1,0,2
1,1,0,0,1,1,1,0,0,1,1,3,0,4,0,-1,1,3,27,10,1,0,0,1
1,0,0,1,1,1,0,1,0,0,1,0,0,6,0,-2,0,3,84,67,1,0,0,3
1,1,1,1,1,1,1,1,1,1,1,2,1,4,1,3,1,3,78,39,1,1,0,4
0,0,0,0,0,1,0,0,1,1,0,2,1,3,1,3,0,2,18,50,0,1,0,1
1,1,1,1,0,0,1,1,1,0,0,5,0,3,1,4,1,3,26,35,1,1,0,2
1,1,1,1,0,0,1,1,1,1,1,0,1,3,1,-2,1,3,65,68,0,1,1,2
0,0,0,0,1,1,0,1,0,1,0,5,1,3,1,4,0,4,24,33,0,1,0,2
0,0,0,1,1,0,0,1,1,1,0,0,0,5,0,4,1,2,56,65,0,1,1,2
0,1,0,0,1,0,0,1,0,1,0,3,1,5,1,1,0,3,34,73,1,0,1,1
1,1,1,1,0,1,1,1,1,1,1,0,0,4,1,2,0,2,54,46,1,1,1,3
1,1,1,1,1,0,0,1,0,0,1,5,0,7,0,-3,0,2,74,38,1,1,1,3
1,1,1,1,1,1,1,1,1,1,1,1,1,0,1,1,1,4,21,59,1,1,0,5
0,1,1,0,1,1,0,1,0,0,0,4,0,4,1,4,0,3,61,79,0,1,0,2
1,1,1,1,0,0,0,1,1,0,0,5,1,2,0,4,0,4,45,61,0,1,1,2
0,0,1,1,1,1,1,0,1,0,0,1,0,1,1,0,1,2,16,33,0,1,1,1
1,1,1,1,1,1,1,1,1,1,1,0,0,2,1,2,1,2,41,63,1,1,1,5
1,1,0,1,1,1,1,1,0,0,1,2,1,5,0,-1,1,2,66,37,1,0,0,3
1,1,1,1,0,0,1,1,1,1,1,4,0,0,1,2,1,4,22,15,1,1,0,3
1,1,1,1,0,0,0,1,1,1,0,5,1,0,0,3,0,3,40,61,1,1,0,2
1,1,1,1,0,0,1,1,1,0,1,1,0,4,1,2,0,3,22,66,0,1,1,2
0,0,0,0,1,1,1,0,0,1,0,1,1,6,0,1,0,2,62,79,0,1,0,1
1,0,1,1,1,1,1,1,1,0,1,4,1,7,1,-3,1,2,71,54,1,1,0,3
1,1,1,1,1,0,1,1,1,1,1,3,1,1,1,3,0,3,49,33,1,1,1,3
1,1,1,1,1,0,1,1,1,0,0,3,1,6,0,-1,1,2,55,49,0,1,0,2
1,0,1,1,0,0,0,0,1,0,0,3,1,4,0,-2,1,3,57,26,1,0,1,1
0,0,1,0,0,0,0,0,0,1,0,3,1,0,1,0,0,2,55,25,0,0,1,1
1,0,1,0,0,1,0,1,1,0,0,1,0,0,0,2,0,4,76,27,0,1,0,2
1,1,1,1,0,0,1,1,1,1,0,5,1,7,0,4,1,3,17,63,1,1,1,2
1,1,1,1,1,0,1,1,1,1,1,0,1,6,0,-2,0,2,42,70,1,1,1,3
1,1,0,1,1,0,1,1,0,0,0,4,0,2,1,2,1,3,58,39,0,1,1,2
0,0,1,1,1,0,1,0,1,1,1,2,0,3,1,1,1,4,10,55,0,1,0,1
1,1,1,0,1,1,0,1,0,0,1,4,0,4,1,-1,0,2,72,49,0,1,1,2
0,0,1,0,1,0,1,0,0,0,1,0,0,3,1,4,0,2,52,65,1,1,0,1
1,1,1,1,1,1,0,1,1,1,1,4,1,5,0,4,0,4,45,67,1,1,0,4
1,1,1,1,1,1,1,1,1,1,1,1,0,2,1,2,1,3,20,67,1,1,0,5
1,0,0,1,1,1,0,1,1,1,0,4,1,6,1,-3,0,3,34,69,1,1,0,2
1,1,1,1,1,1,1,1,1,1,1,1,1,6,0,3,0,4,52,38,1,1,1,4
1,1,0,1,1,1,0,0,1,0,1,4,0,5,1,3,0,2,58,83,1,1,1,1
1,1,1,1,0,0,1,1,1,1,1,5,1,3,0,3,1,4,77,14,1,1,0,3
1,1,0,0,1,0,0,0,0,1,0,2,0,3,1,1,1,3,36,70,0,0,0,1
1,1,1,1,1,0,1,1,1,1,1,1,0,1,0,2,1,4,51,40,1,1,0,3
0,0,0,1,0,1,1,1,1,0,0,1,0,2,0,2,0,3,19,70,0,1,1,2
0,1,0,0,0,0,1,1,0,0,1,1,1,0,0,0,1,3,55,34,0,0,1,1
0,0,0,1,0,0,0,0,0,0,1,4,1,3,1,-3,0,2,31,72,1,1,0,1
1,1,1,1,1,1,0,1,1,0,1,3,1,0,1,3,0,2,63,34,1,1,0,3
1,0,1,1,0,1,0,1,1,0,0,3,1,4,0,1,1,2,57,41,0,1,0,2
1,1,1,1,0,0,0,1,1,1,1,1,1,2,1,-1,0,4,45,70,0,1,0,2
1,0,1,1,1,0,0,0,1,0,0,1,1,2,1,3,1,4,15,38,0,1,1,1
1,1,1,1,0,0,0,1,1,0,0,1,0,7,1,-1,0,4,30,42,0,1,0,2
0,1,0,1,1,0,0,1,0,1,0,5,1,3,0,-1,0,2,48,67,0,1,0,2
1,0,1,1,0,0,0,0,1,1,1,5,0,4,0,-3,1,3,28,58,0,1,1,1
0,0,1,1,1,1,0,1,1,0,1,4,1,5,0,1,0,4,40,48,1,1,1,3
1,1,1,1,1,0,0,1,0,0,0,5,0,3,1,-3,1,2,15,24,1,1,0,2
1,1,1,1,1,0,1,1,1,1,1,0,0,7,1,0,0,3,19,74,0,1,1,2
1,1,1,1,0,1,0,1,1,1,1,2,0,6,1,0,1,2,32,61,0,1,1,2
1,1,1,1,1,1,1,0,1,1,0,5,0,6,0,1,0,4,47,44,0,1,1,1
1,1,1,1,0,1,1,1,1,1,1,3,1,7,1,1,1,3,31,17,1,1,0,3
0,1,1,1,1,1,0,1,0,1,1,1,0,5,1,3,0,3,83,53,0,1,0,2
1,1,1,0,1,1,1,1,0,0,0,4,1,6,0,-2,0,3,39,17,0,1,1,2
0,1,0,1,0,0,0,1,1,0,0,4,0,2,1,4,1,3,23,81,0,1,1,2
0,0,1,0,1,1,1,0,0,1,0,1,1,7,1,0,1,2,33,49,1,1,0,1
1,1,1,1,0,1,1,1,1,1,1,0,0,7,1,-3,0,4,43,76,0,1,0,2
0,1,0,0,1,0,0,1,1,0,0,5,1,5,0,4,1,2,24,16,1,1,0,2
1,0,0,0,0,1,0,0,0,1,1,4,0,5,1,-1,0,4,27,65,0,1,1,1
1,1,0,0,1,1,1,0,1,1,0,5,1,0,0,0,0,4,76,15,0,1,0,1
1,1,1,1,0,0,1,1,1,1,0,5,0,0,1,-3,0,2,16,41,0,1,0,2
0,1,0,1,1,1,0,1,0,1,1,2,0,3,1,4,1,3,73,28,0,0,0,1
1,1,0,1,1,1,1,1,1,0,0,5,0,4,1,-3,0,2,67,9,1,1,0,2
1,1,1,1,1,1,1,1,1,0,1,1,1,2,0,2,0,4,70,54,1,1,1,3
1,1,1,1,1,1,1,0,0,0,1,1,0,6,1,3,1,2,10,76,1,0,0,1
1,1,1,1,0,0,1,1,1,1,1,5,0,3,0,-1,1,4,68,56,1,1,0,3
1,0,1,0,0,0,1,1,1,1,1,0,1,6,1,-3,0,2,20,62,0,0,0,1
1,1,1,1,1,1,1,1,1,1,1,3,0,4,0,1,1,2,51,69,0,1,0,2
0,0,0,1,1,1,0,1,1,1,1,4,0,7,1,1,0,4,15,69,1,1,1,3
1,1,1,1,0,0,1,1,1,0,0,3,0,5,0,2,0,2,75,63,0,1,0,2
1,0,1,0,0,1,1,0,0,0,1,3,0,0,0,4,1,2,66,40,1,1,1,1
1,1,1,1,0,1,1,1,1,1,1,2,1,5,1,-3,0,2,37,48,1,1,0,3
0,0,0,0,0,1,0,0,0,0,1,4,1,2,1,-3,1,3,79,23,0,1,0,1
0,0,1,1,0,1,1,0,1,1,1,5,0,1,1,-1,1,4,46,14,1,0,0,1
0,0,0,0,1,1,1,0,0,0,1,1,1,3,1,1,0,3,40,51,0,1,1,1
1,1,1,1,1,1,1,1,1,0,1,4,0,4,1,1,1,3,81,37,0,1,0,2
1,1,1,1,0,1,1,1,1,1,0,0,0,5,1,3,1,3,22,52,1,1,1,2
0,1,1,0,1,0,1,0,1,1,1,3,1,1,1,-1,1,3,51,58,0,1,1,1
1,1,1,1,0,1,0,1,1,0,1,0,0,4,1,-1,1,3,37,48,1,1,1,3
1,0,0,1,0,1,0,0,1,1,1,2,1,0,0,-2,1,3,45,17,1,1,0,1
1,0,1,0,1,0,0,1,1,0,0,2,0,0,1,-2,1,3,22,31,0,0,0,1
0,0,0,0,1,1,1,0,0,1,0,1,0,0,0,-2,0,3,28,14,1,0,1,1
1,1,1,1,1,0,0,1,1,1,0,5,0,2,0,3,0,4,61,69,0,1,0,2
1,0,0,1,1,1,0,0,1,1,1,1,0,5,1,4,1,4,36,24,0,1,1,1
1,1,1,1,1,1,1,1,1,1,1,5,1,0,1,4,1,4,61,41,1,1,1,5
0,1,1,0,0,0,1,1,0,1,1,1,1,0,1,-1,1,2,13,81,0,0,0,1
0,0,0,1,0,1,1,1,0,0,0,0,1,5,0,-3,1,2,41,35,1,1,0,2
0,0,1,1,1,1,0,1,0,0,0,3,0,3,1,4,0,2,52,59,0,1,0,2
1,1,1,1,1,0,0,1,1,1,0,3,1,7,1,-3,1,3,21,12,0,0,0,1
1,1,0,1,0,0,1,1,0,1,1,4,1,0,0,-2,1,4,32,84,0,1,1,2
1,1,1,1,1,1,1,0,1,1,1,0,0,1,1,4,0,4,16,60,1,1,0,1
0,1,0,0,0,1,0,0,0,1,1,5,0,1,1,4,0,4,61,27,1,1,1,1
0,0,1,1,1,1,0,1,1,0,1,3,1,0,0,2,0,2,48,72,1,1,0,3
1,1,1,1,0,0,1,1,1,1,0,5,1,6,1,-3,0,3,64,39,1,1,0,2
0,1,0,1,1,0,0,1,0,1,1,1,1,2,1,0,0,4,48,39,0,1,1,2
1,1,0,1,1,1,1,1,1,1,1,5,0,6,1,1,0,3,19,66,1,1,0,3
1,0,0,0,0,0,1,1,0,1,0,1,1,7,0,2,1,4,30,80,0,0,0,1
1,1,1,1,0,1,1,1,1,1,1,3,1,5,1,4,1,2,48,19,1,1,1,3
0,0,0,1,1,0,1,1,0,1,0,0,0,3,0,-2,0,4,18,67,0,0,1,1
1,1,1,1,1,0,1,1,1,1,1,4,1,1,1,-3,1,4,10,51,1,1,1,3
1,0,0,0,0,1,0,1,0,0,1,1,1,3,0,-3,1,3,76,32,1,1,1,3
0,0,0,0,0,0,1,0,0,0,1,4,1,1,1,-1,0,3,68,75,1,1,1,1
1,1,1,1,1,1,1,1,1,1,1,3,0,4,1,3,1,4,43,84,1,1,0,4
1,1,1,1,1,1,1,1,1,1,1,5,1,2,1,1,1,2,75,26,1,1,1,5
0,0,1,1,1,1,1,1,0,0,1,1,1,3,0,4,1,2,59,75,0,1,1,2
1,1,1,1,0,0,1,1,1,1,1,4,1,4,1,2,0,2,28,57,0,1,1,2
1,0,0,0,1,1,1,0,0,1,1,0,0,3,1,-3,0,4,39,69,1,0,1,1
0,1,1,0,1,1,1,0,0,0,0,1,1,5,0,-3,0,3,18,82,0,0,1,1
0,1,0,0,1,1,0,0,1,1,1,0,1,1,1,-2,1,3,28,65,0,0,1,1
0,1,1,1,1,0,0,1,1,1,1,5,1,5,1,-3,0,4,83,82,1,0,1,3
1,1,1,1,0,1,1,1,1,0,1,1,1,7,0,3,1,2,60,61,1,1,0,3
0,1,1,1,1,1,0,1,0,0,1,4,1,6,1,4,1,2,31,52,1,1,1,3
1,1,1,1,0,0,0,0,1,1,0,4,1,3,0,-2,0,2,30,71,1,1,1,1
0,0,1,0,1,0,0,1,1,1,1,5,0,7,0,3,0,2,80,71,0,1,1,2
0,1,0,1,1,1,1,1,0,1,0,4,1,6,0,2,0,4,80,59,1,1,1,2
1,0,1,1,0,0,0,1,1,0,1,4,0,7,1,4,1,2,61,20,1,0,0,3
0,1,0,1,1,1,0,0,0,1,1,1,1,7,1,-3,1,4,84,37,1,1,0,1
0,0,1,1,0,0,1,1,0,1,1,3,1,3,0,2,1,4,27,38,1,1,0,3
0,1,0,1,1,1,0,0,0,0,0,2,1,4,1,1,1,3,15,79,1,0,0,1
0,1,1,1,0,1,1,1,0,0,1,0,0,5,0,-2,1,2,55,63,1,0,0,3
1,1,0,1,0,1,1,1,0,1,0,0,0,3,1,-3,1,4,37,32,0,1,0,2
1,1,1,1,0,0,1,1,1,1,1,1,0,5,0,4,0,4,36,81,1,1,0,3
1,1,1,1,0,1,1,1,1,1,0,1,1,1,1,-1,1,4,49,34,0,1,0,2
1,1,1,1,1,0,1,1,1,1,1,5,0,7,1,1,0,2,29,24,1,1,1,3
1,1,1,1,0,0,0,1,1,0,1,1,0,3,1,-2,0,3,72,82,1,1,0,3
1,1,1,1,1,1,1,1,1,1,1,3,1,2,1,3,1,3,15,66,1,1,1,5
1,1,1,1,0,1,1,1,1,1,1,0,1,4,0,2,1,2,73,36,1,1,0,3
0,1,1,1,0,1,0,1,0,0,1,5,0,2,1,-2,1,3,19,53,1,1,1,3
0,0,1,1,0,1,0,1,1,0,0,0,1,3,0,0,0,4,71,63,1,0,0,1
0,1,0,0,0,1,0,0,0,1,0,3,0,5,1,2,1,4,59,30,0,1,1,1
1,1,1,1,1,1,1,1,1,1,1,3,0,5,0,0,1,3,42,13,1,1,1,4
1,1,0,0,1,1,0,0,1,1,0,3,1,0,0,2,1,4,29,9,0,1,1,1
1,1,1,1,1,1,1,1,1,1,1,5,0,7,0,1,1,2,45,38,1,1,1,4
1,1,1,1,1,1,1,1,1,1,1,4,1,2,1,2,1,2,68,20,1,1,1,5
1,1,1,1,1,0,1,1,1,1,1,2,0,4,0,4,1,4,28,71,0,1,1,2
1,1,1,0,1,1,0,0,0,1,0,0,0,0,0,0,0,3,45,50,1,0,0,1
1,0,1,1,1,0,1,0,0,1,0,0,1,5,0,0,0,4,57,18,0,0,0,1
1,1,1,1,1,1,1,1,1,1,0,2,0,7,0,0,1,2,46,14,1,1,0,2
1,1,1,0,1,1,0,1,0,1,0,4,1,2,0,-2,1,3,25,49,0,1,0,2
1,0,1,1,1,1,0,1,0,1,1,5,1,7,0,1,1,4,77,32,1,1,0,3
0,0,1,0,1,1,1,0,1,1,0,2,0,6,1,-3,0,2,37,56,1,0,1,1
1,0,0,1,0,1,1,1,0,1,1,5,1,7,0,-2,1,3,10,51,0,0,1,1
1,1,1,1,0,0,1,1,1,1,0,3,0,1,1,0,1,2,79,69,0,1,0,2
0,1,0,1,0,1,0,1,1,1,0,2,0,5,0,2,1,4,15,46,0,1,0,2
1,1,0,0,0,0,0,0,0,1,0,0,0,3,1,0,0,2,19,23,0,1,0,1
1,1,1,1,1,1,1,1,1,1,1,4,0,4,0,2,1,2,26,67,1,1,0,4
1,1,0,1,0,1,1,0,1,1,1,3,1,5,0,-1,0,3,32,10,1,1,1,1
1,1,1,1,1,0,1,1,1,0,1,2,0,3,1,3,0,2,68,15,1,1,1,3
1,1,0,0,0,1,1,1,1,1,0,5,0,5,0,-1,0,4,15,36,0,1,1,2
1,1,1,1,0,1,0,1,1,1,1,0,0,7,1,3,0,4,53,11,0,1,1,2
1,0,0,1,1,1,0,1,1,0,1,1,1,2,0,4,1,2,28,19,0,1,0,2
1,0,0,1,0,0,0,1,1,1,0,0,1,6,1,0,0,3,59,69,0,0,0,1
1,1,1,1,0,1,0,1,1,0,1,4,0,2,1,2,0,4,70,32,1,1,0,3
1,1,1,1,1,1,0,1,1,1,1,3,1,5,0,3,1,3,34,25,1,1,0,4
0,1,1,0,0,1,1,1,0,1,1,0,0,1,1,2,0,2,75,46,0,1,0,2
1,1,1,1,0,1,0,1,0,1,0,0,1,2,0,-2,1,4,23,48,1,0,1,1
1,0,0,0,1,1,0,1,0,1,1,2,1,4,0,1,0,3,56,62,1,0,0,3
1,0,0,1,1,1,0,1,1,1,0,2,1,5,0,3,0,3,40,55,0,1,1,2
1,1,1,1,0,1,1,1,1,1,1,3,0,4,0,4,0,3,31,11,1,1,0,3
1,1,1,1,1,1,1,1,1,1,1,4,0,3,1,1,1,4,26,52,1,1,0,5
0,1,1,1,0,1,1,1,0,1,0,4,1,6,0,2,1,2,11,69,0,1,0,2
0,0,0,1,1,0,0,1,0,0,0,4,0,6,0,-2,0,4,17,54,0,1,0,2
1,1,0,0,0,1,0,1,0,0,1,2,1,0,1,0,1,2,43,69,0,1,1,2
1,1,1,1,1,1,0,1,1,0,0,4,1,4,0,-2,1,2,40,23,1,1,1,2
1,1,1,1,1,1,1,1,1,0,0,0,0,2,0,3,1,2,18,28,0,1,1,2
1,1,1,1,1,1,1,1,1,1,1,2,0,2,1,4,1,4,44,75,1,1,1,5
1,1,1,1,1,1,1,1,1,1,1,3,1,3,1,3,1,4,68,58,1,1,1,5
1,0,1,1,1,1,1,1,0,0,0,0,0,2,1,2,1,3,28,77,1,1,1,2
0,0,0,0,1,1,0,0,1,0,0,4,1,4,1,-1,1,2,34,50,0,1,0,1
1,0,1,1,1,0,1,1,1,0,1,5,1,6,0,4,1,3,36,77,1,1,1,3
1,1,1,1,1,1,0,1,0,0,0,3,0,7,0,-2,0,4,11,67,1,1,1,2
1,1,1,1,0,0,0,1,0,1,0,5,1,0,0,-2,1,4,48,65,1,1,1,2
1,1,1,0,0,0,1,0,0,0,0,4,0,7,1,1,0,3,36,50,1,1,0,1
0,1,1,1,1,1,0,1,1,0,1,5,0,1,0,-2,0,2,19,34,0,1,1,2
1,0,0,1,1,1,1,1,0,0,0,2,0,4,1,0,0,3,64,65,0,1,0,2
1,1,1,1,1,1,1,1,0,1,0,5,0,0,0,-2,0,2,12,41,1,1,0,2
1,1,1,1,0,1,0,1,1,0,1,0,1,3,0,3,1,2,58,49,1,1,1,3
1,1,1,1,1,0,1,1,1,0,0,2,1,5,0,3,1,3,21,58,1,1,0,2
0,0,1,0,1,0,1,0,0,1,1,3,0,2,1,4,0,2,77,43,0,1,1,1
0,1,1,1,1,1,1,1,0,0,0,0,1,6,0,-1,1,4,10,84,0,1,1,2
1,1,1,1,1,0,0,1,1,0,1,3,1,4,0,4,0,3,34,73,1,1,1,3
0,0,0,1,1,1,1,0,0,0,1,5,0,7,0,1,0,3,81,84,1,0,1,1
1,1,1,1,0,0,1,1,1,1,1,4,1,2,0,-1,1,3,83,71,1,1,0,3
1,1,1,1,1,0,0,1,1,1,0,0,0,1,1,0,0,4,19,40,1,1,1,2
1,1,0,0,0,0,1,1,1,0,0,4,0,3,0,-2,0,3,83,75,0,0,0,1
0,1,1,1,1,1,0,1,0,1,0,3,0,0,1,2,0,2,64,34,1,1,0,2
0,0,0,1,1,1,0,1,1,0,1,5,0,4,1,-2,0,2,31,43,1,0,0,3
1,0,0,1,1,0,1,1,0,0,0,0,0,3,0,1,0,4,47,21,1,1,0,2
1,1,1,1,1,0,1,1,1,1,1,0,1,0,1,-3,1,2,66,54,1,1,1,3
0,1,0,1,0,0,1,1,0,1,0,1,1,7,0,4,1,3,56,55,1,1,1,2
1,0,0,1,0,1,0,1,0,1,1,1,0,0,1,0,0,4,53,57,0,1,1,2
1,1,1,1,0,0,1,1,1,1,1,4,0,3,1,-2,0,4,12,43,1,1,0,3
1,1,1,1,1,1,1,1,1,1,1,4,0,7,0,2,1,3,36,31,1,1,1,4
1,1,1,1,0,1,1,1,1,1,1,4,1,7,1,1,0,3,28,12,1,1,0,3
1,1,1,1,1,0,1,1,1,1,1,3,0,7,1,2,1,2,30,57,1,1,0,3
1,1,1,1,1,1,0,1,1,0,1,3,1,3,0,0,1,2,59,28,1,1,1,3
0,1,1,1,1,1,0,1,1,0,1,4,0,4,1,-1,0,2,66,57,0,1,1,2
0,0,0,0,0,0,0,0,0,0,1,2,1,6,0,0,1,3,84,62,1,0,1,1
1,1,0,0,0,1,0,0,0,0,0,3,0,4,1,1,0,3,30,82,0,1,0,1
1,1,1,1,0,1,0,1,1,0,1,5,0,7,1,4,0,4,23,72,0,1,0,2
0,1,0,0,0,1,1,0,0,1,0,2,1,7,1,-3,1,2,67,30,0,1,0,1
1,1,0,0,0,0,1,1,1,0,0,1,1,1,0,-1,1,3,38,81,1,1,1,2
0,1,1,1,1,0,1,1,1,0,1,1,0,4,1,-1,1,2,51,35,0,1,1,2
0,0,0,1,0,1,0,1,0,0,1,4,1,1,1,3,0,2,15,57,1,1,0,3
1,1,1,1,0,1,1,1,1,1,1,3,1,3,1,-2,0,4,81,81,1,1,0,3
1,1,1,0,0,1,0,0,0,1,0,3,1,6,1,-1,1,4,60,36,1,1,0,1
0,1,0,1,0,0,0,1,1,1,1,1,0,6,0,4,1,3,59,9,1,1,0,3
1,1,1,1,0,0,1,1,1,1,1,5,1,1,1,-3,1,2,69,74,1,1,0,3
0,1,0,1,0,1,1,1,1,1,1,0,1,3,0,4,0,4,55,55,1,1,0,3
1,0,1,1,1,0,0,1,1,0,0,3,0,2,0,4,0,3,29,26,0,0,0,1
1,1,1,1,0,0,1,1,1,1,1,4,1,0,0,-2,0,3,37,15,1,1,1,3
1,1,1,1,0,1,1,1,1,1,1,5,1,4,1,4,1,2,61,60,1,1,0,3
1,1,1,1,0,0,1,1,1,1,1,5,0,0,1,4,1,3,10,41,0,1,0,2
1,0,0,1,1,0,0,1,1,1,0,2,1,1,1,-2,0,2,72,16,0,1,0,2
1,0,1,0,1,1,1,1,0,0,0,4,0,3,0,0,0,3,74,63,0,1,1,2
0,1,1,0,1,1,0,0,1,1,1,3,0,3,0,1,0,4,69,32,0,1,0,1
1,0,0,1,1,1,1,1,0,1,0,2,1,3,0,-1,1,3,67,48,1,1,1,2
1,1,0,0,0,0,1,1,0,0,1,2,1,3,1,4,1,4,79,14,0,1,0,2
1,1,1,1,0,1,1,1,1,1,1,2,0,4,1,1,0,2,64,73,1,1,1,3
1,1,1,1,0,1,1,1,1,1,1,4,1,3,0,2,0,3,51,35,1,1,1,3
1,1,1,1,1,1,1,1,1,1,1,0,1,2,1,1,1,3,56,23,1,1,1,5
1,0,0,1,1,1,1,1,1,1,1,0,0,2,1,-3,1,4,45,75,0,0,1,1
1,1,1,1,1,1,1,1,1,1,1,3,0,0,1,1,0,4,31,18,1,1,1,4
0,0,1,1,1,1,0,1,1,0,0,2,0,7,1,-1,0,4,70,45,1,1,0,2
0,0,0,0,1,0,0,1,1,0,0,0,1,5,1,1,1,3,78,73,0,0,0,1
1,0,0,0,0,1,0,1,0,1,1,2,0,3,0,0,0,4,28,30,0,1,0,2
1,1,1,1,1,0,1,1,1,1,1,3,1,4,1,1,0,3,25,76,1,1,1,3
1,1,0,1,0,0,0,0,1,0,1,2,1,1,0,-2,0,2,75,44,0,0,1,1
1,1,1,1,0,1,1,1,1,1,1,0,1,4,1,1,0,2,72,23,0,1,0,2
1,1,0,1,0,0,0,1,1,1,0,3,0,4,0,0,1,3,81,84,1,1,1,2
1,0,0,0,1,1,1,0,1,1,0,4,1,0,1,-2,1,4,19,53,0,0,1,1
0,0,0,1,1,1,0,1,1,0,0,3,0,0,1,-1,1,3,61,67,1,1,0,2
1,1,1,1,1,1,1,1,1,0,0,5,1,3,1,-3,1,2,43,9,0,1,0,2
1,0,1,0,0,1,0,0,0,0,1,0,1,2,0,-3,0,4,84,23,1,1,0,1
1,1,1,1,0,1,0,1,1,0,0,3,0,7,1,-1,1,2,80,73,1,1,1,2
1,0,1,0,0,0,1,1,0,0,1,1,1,2,1,3,0,4,77,25,0,1,1,2
1,1,1,1,0,0,1,1,1,1,1,5,1,6,0,0,0,3,28,36,1,1,1,3
0,1,1,1,1,1,0,1,0,1,1,4,1,3,0,4,1,2,40,69,0,1,0,2
1,1,1,1,0,0,1,1,1,1,1,1,1,2,0,-2,1,4,12,16,1,1,1,3
0,0,1,0,0,1,0,1,0,0,0,1,0,7,1,-1,1,3,72,83,1,0,1,1
1,1,1,0,1,1,0,1,1,1,1,2,0,6,0,3,0,3,42,60,1,0,0,4
1,0,1,1,0,0,0,0,0,0,0,1,0,1,1,-3,1,2,38,29,0,0,0,1
1,1,1,1,1,1,0,1,1,1,1,3,1,7,0,1,1,3,26,71,1,1,0,4
0,1,1,1,1,1,1,1,0,0,0,5,1,2,0,2,1,2,55,54,0,1,1,2
1,1,1,1,1,1,1,1,1,1,1,3,1,3,1,3,1,2,64,81,1,1,1,5
1,1,1,1,1,1,0,1,1,1,1,5,0,5,0,2,0,3,11,34,1,1,1,4
0,0,0,0,1,0,1,1,0,0,1,2,0,7,1,3,0,3,24,10,0,1,0,2
1,1,1,1,1,1,1,1,1,0,1,1,1,5,1,3,1,3,79,32,0,1,1,2
1,1,0,1,0,1,1,1,1,1,1,0,1,5,1,0,1,2,78,75,1,1,0,3
1,1,1,1,1,0,1,1,1,1,1,3,0,2,1,-2,1,2,21,13,1,1,1,3
0,1,1,1,0,1,0,1,1,0,1,3,1,7,0,1,1,4,62,17,0,1,0,2
1,1,1,1,1,0,1,1,1,1,1,4,0,3,0,-2,0,2,83,72,1,1,0,3
0,1,1,0,1,0,0,0,1,1,0,3,0,4,0,2,0,3,24,36,0,0,1,1
1,1,1,1,1,1,0,1,1,1,1,5,0,7,1,0,0,4,51,39,0,1,1,2
1,1,1,1,0,0,0,1,1,0,1,1,0,3,1,0,0,3,71,54,0,1,0,2
0,1,0,0,1,0,1,0,1,0,0,1,1,4,0,0,0,2,47,29,0,1,0,1
0,1,0,0,0,1,0,0,1,1,0,0,0,1,0,0,1,4,38,41,1,0,0,1
1,0,0,1,1,0,0,1,0,0,1,3,1,5,1,0,0,4,11,26,0,1,1,2
0,1,0,1,1,1,1,1,1,0,1,3,1,5,0,0,0,3,69,22,0,1,0,2
0,0,1,1,1,1,1,0,0,1,1,3,1,3,0,-3,1,4,32,55,0,0,1,1
1,1,1,1,0,1,0,0,0,1,0,5,1,5,1,-3,0,2,56,59,0,1,1,1
0,1,0,1,0,1,1,0,1,1,1,5,1,2,1,1,1,3,81,44,0,1,0,1
1,1,1,1,1,1,1,1,1,1,0,3,1,4,1,2,0,3,40,43,1,1,1,2
0,1,1,1,1,1,0,1,1,0,0,2,0,4,0,3,1,4,26,13,0,1,0,2
0,1,1,1,1,0,1,1,1,0,0,2,1,3,0,2,1,4,11,62,0,1,1,2
1,1,1,1,1,1,1,1,1,1,1,0,1,2,1,3,1,4,36,39,1,1,0,5
1,1,1,1,1,0,1,1,1,1,1,2,1,7,1,0,0,2,41,20,1,1,1,3
0,0,0,1,0,1,0,1,0,0,0,5,0,0,1,3,0,2,64,46,0,1,1,2
1,1,1,1,1,0,1,1,1,0,1,2,1,5,1,-2,0,3,15,70,0,1,1,2
1,0,1,1,0,1,0,0,1,0,0,0,0,2,1,2,1,3,36,21,0,1,1,1
1,0,1,1,1,1,0,0,1,1,0,1,1,0,1,1,0,3,79,81,0,1,0,1
1,0,0,1,1,0,1,1,0,0,1,0,0,2,1,-3,0,2,17,33,0,1,1,2
1,1,0,1,0,1,1,0,1,1,1,5,0,6,1,-3,1,4,68,80,1,0,0,1
0,0,0,0,1,1,1,0,0,1,1,0,0,4,1,0,1,4,37,12,1,1,1,1
1,1,1,1,0,1,1,1,1,1,1,3,0,0,1,1,0,3,70,79,1,1,0,3
1,1,1,0,1,1,1,0,1,1,0,0,1,3,0,3,1,2,52,63,0,0,1,1
1,1,1,1,0,1,0,1,1,1,1,0,1,6,1,-2,1,4,59,65,0,1,1,2
1,1,1,0,0,0,0,1,0,1,0,0,0,6,0,-3,0,3,30,44,0,0,1,1
1,0,0,0,0,1,0,0,1,1,1,4,1,4,1,-1,1,4,15,29,0,1,1,1
1,0,1,0,1,1,0,1,1,1,0,1,0,5,0,1,0,3,40,29,1,0,0,1
0,0,0,0,0,0,0,0,1,1,1,5,1,4,1,3,1,4,17,34,1,1,1,1
1,1,0,0,1,1,0,0,1,0,0,4,0,3,0,-1,1,4,74,53,0,1,1,1
0,1,1,0,1,1,1,1,1,0,0,2,0,7,0,-1,0,2,67,17,1,0,0,1
1,1,1,1,1,1,1,1,1,1,1,2,0,1,1,1,1,2,44,40,1,1,0,5
1,1,1,1,0,1,1,1,1,1,1,4,1,3,0,-3,0,3,12,49,1,1,0,3
1,1,1,1,1,0,1,1,1,1,1,1,1,7,1,3,1,3,20,57,1,1,0,3
1,1,1,1,1,0,0,1,1,0,0,4,1,3,1,-2,1,2,25,31,1,1,0,2
0,1,0,1,0,1,1,1,1,1,0,4,0,1,0,-1,1,3,62,57,1,1,1,2
0,0,0,0,0,1,0,0,1,0,1,4,1,3,0,4,0,4,15,30,1,1,1,1
1,1,1,1,1,0,0,1,1,0,0,0,1,5,1,-1,0,2,44,63,1,1,0,2
1,1,1,1,1,1,1,1,1,1,1,3,1,6,0,2,1,2,73,13,1,1,1,4
1,1,1,1,1,1,1,1,1,1,1,2,0,1,0,1,0,2,70,51,1,1,1,4
1,1,1,1,1,0,0,1,1,1,1,3,1,2,0,2,1,4,81,72,1,1,0,3
0,0,0,0,1,1,1,1,1,0,0,1,0,4,0,-3,1,3,50,17,0,0,1,1
1,1,1,1,1,1,0,1,1,1,0,0,0,4,1,0,0,4,42,10,0,1,0,2
1,1,1,1,1,1,0,1,1,1,1,4,0,7,0,-1,0,4,28,21,0,1,0,2
1,1,1,1,0,1,1,1,1,1,1,5,1,2,0,3,1,3,11,36,1,1,0,3
1,0,0,1,1,1,0,0,0,1,1,4,1,6,0,3,1,2,48,22,1,0,0,1
1,0,0,1,1,1,1,0,1,1,0,5,0,5,0,1,0,2,68,77,1,0,0,1
0,0,1,0,0,0,1,1,0,1,1,5,0,1,0,-2,0,3,81,77,0,1,1,2
0,1,1,1,1,1,1,1,0,1,1,0,0,2,0,3,0,2,30,39,0,1,0,2
0,1,1,1,1,1,0,0,0,1,0,4,1,2,1,-2,0,3,20,34,0,0,0,1
0,0,1,1,0,0,1,1,0,0,0,4,1,2,0,0,1,4,59,59,0,1,1,2
1,0,0,1,1,1,0,0,1,1,1,4,0,5,0,2,0,2,46,19,0,1,1,1
1,0,0,0,1,1,1,0,0,0,1,2,0,0,1,3,1,3,57,9,1,0,1,1
1,1,1,1,1,0,0,1,0,0,0,0,0,7,0,0,1,4,44,83,1,1,0,2
0,0,0,1,0,0,1,0,0,0,1,1,1,4,0,4,1,4,23,80,1,0,0,1
1,1,1,1,0,1,1,1,1,0,0,5,1,3,1,1,0,3,43,69,1,1,1,2
1,1,1,1,1,1,0,1,1,0,0,5,1,5,0,2,0,2,26,31,0,1,1,2
1,1,1,1,0,0,0,1,1,1,1,2,0,3,0,0,1,4,14,63,0,1,0,2
1,1,0,1,0,0,1,0,0,1,1,0,0,4,0,-3,0,2,60,25,1,0,1,1
0,0,1,1,1,0,1,1,1,0,0,4,1,3,1,1,0,2,83,72,1,1,1,2
1,1,1,1,0,1,1,1,1,1,1,2,0,0,0,-2,0,2,72,21,1,1,0,3
1,1,0,1,1,1,0,1,0,0,0,5,1,4,0,-3,1,4,70,73,0,0,0,1
0,0,1,0,1,0,1,1,1,1,1,0,1,2,0,-2,0,4,39,51,0,0,1,1
1,1,1,1,0,1,1,1,1,0,1,2,0,1,0,4,0,3,53,43,1,1,1,3
0,1,0,1,1,1,1,1,0,0,1,4,0,3,1,-2,0,4,62,16,0,1,0,2
1,0,0,1,0,0,0,1,1,1,0,0,0,0,1,0,0,4,64,26,1,1,0,2
0,0,0,1,1,1,0,0,0,1,0,2,0,3,1,-1,1,4,56,11,1,1,1,1
0,1,0,0,1,1,0,1,1,0,0,0,1,3,1,2,1,2,20,65,0,0,0,1
1,1,1,1,1,0,0,1,1,0,0,2,0,2,0,-1,0,3,61,35,1,1,1,2
1,1,1,1,0,1,1,1,1,0,1,2,1,4,1,1,1,4,53,79,0,1,0,2
1,0,1,0,1,1,0,1,1,0,1,4,1,7,0,-1,1,2,48,41,0,0,1,1
1,1,1,1,0,1,1,1,1,1,1,5,0,3,1,0,1,2,33,34,1,1,1,3
1,1,1,1,1,1,0,1,1,1,0,2,0,6,1,0,1,3,61,79,1,1,0,2
1,1,1,1,1,0,0,1,1,0,1,5,1,6,0,3,1,3,76,77,0,1,1,2
1,1,1,1,1,1,1,1,1,1,1,2,1,4,1,0,1,4,77,69,1,1,1,4
1,0,0,1,1,1,1,1,0,0,0,0,1,5,0,-2,1,4,10,68,1,0,0,1
1,1,1,1,1,1,1,1,1,0,0,4,0,1,0,1,0,3,76,83,0,1,0,2
1,0,0,1,0,0,1,1,0,1,0,1,1,2,0,4,1,2,29,46,1,0,0,1
0,1,0,1,0,1,0,1,0,1,1,5,0,3,0,-2,0,4,30,63,1,0,0,3
0,1,0,1,1,1,1,1,0,0,1,1,0,5,0,3,0,4,40,80,0,0,0,1
1,0,1,1,1,1,0,1,1,0,1,2,0,0,1,4,1,4,39,56,1,1,0,3
0,1,1,0,0,1,1,0,0,0,1,5,0,1,1,-1,0,2,80,18,0,1,0,1
0,0,0,0,0,0,1,0,0,0,0,4,1,5,1,-1,1,4,73,28,1,0,0,1
0,0,0,1,1,1,1,1,1,1,0,3,1,0,1,0,1,4,22,84,1,1,1,2
1,0,0,1,1,1,0,1,0,0,1,5,1,1,1,0,0,3,57,64,0,1,1,2
1,0,0,0,0,0,0,1,1,0,0,2,0,4,1,-1,1,4,38,16,1,0,1,1
0,0,0,1,1,1,0,1,1,1,1,2,1,1,1,3,1,4,55,16,0,1,1,2
1,1,0,1,1,1,0,1,0,1,1,0,0,5,1,0,0,2,20,14,1,1,0,3
1,1,1,1,1,0,1,1,1,1,1,5,0,0,0,-3,0,2,31,37,1,1,0,3
1,0,1,0,1,1,0,1,0,0,0,3,1,2,0,2,0,3,42,19,0,1,1,2
1,1,1,1,0,1,1,1,1,1,1,0,1,3,0,0,1,2,24,47,1,1,1,3
1,1,0,0,0,1,0,0,0,0,1,0,0,5,0,0,1,3,42,53,0,0,0,1
0,1,1,0,0,0,0,0,0,0,1,2,0,7,1,0,1,2,55,45,0,1,0,1
1,1,1,0,1,1,0,1,1,1,0,5,0,7,1,-1,1,4,76,28,1,0,1,1
1,1,1,1,1,1,1,1,1,1,1,5,0,1,1,0,0,4,66,46,1,1,1,4
1,1,1,1,0,0,1,1,1,1,1,2,0,3,0,-3,0,3,18,16,1,1,0,3
1,0,1,1,0,0,1,1,0,0,0,5,0,4,0,3,1,3,79,52,0,0,0,1
0,0,1,1,0,1,1,1,0,1,1,1,0,5,0,2,1,4,84,14,1,1,0,3
0,0,0,1,1,0,1,1,1,1,1,5,0,0,0,2,0,3,13,41,0,1,1,2
0,0,0,0,1,1,0,1,0,0,1,2,0,6,0,-3,1,4,36,84,0,1,0,2
0,1,1,1,1,1,0,1,1,1,0,0,1,1,0,-2,0,2,32,28,0,1,1,2
0,1,0,0,0,0,0,0,0,1,0,1,1,4,1,-1,1,3,38,81,1,1,1,1
1,0,0,1,1,1,0,1,1,0,1,2,1,0,0,3,0,2,48,52,1,1,0,3
1,1,1,1,0,1,0,1,1,0,1,0,0,1,1,3,0,2,13,58,0,1,0,2
1,0,0,0,0,1,1,1,1,0,0,2,0,5,1,3,1,4,50,28,1,0,1,1
1,1,1,1,1,0,1,1,0,0,1,5,1,2,1,-2,1,2,36,36,1,1,0,3
0,1,1,0,1,1,0,0,0,1,1,4,1,6,1,4,1,4,22,21,1,0,0,1
1,0,0,1,0,0,1,1,1,1,0,3,0,3,0,-3,1,4,11,69,1,1,1,2
0,1,0,0,1,1,1,1,0,1,0,1,0,0,0,2,1,2,17,41,0,0,1,1
1,1,1,1,0,1,1,1,0,1,0,4,1,5,0,-1,0,2,54,11,0,1,1,2
1,0,0,1,1,1,0,0,0,0,1,4,1,6,1,4,1,3,33,57,1,0,0,1
1,1,1,0,0,1,1,1,1,1,0,5,0,0,1,-1,1,4,72,75,0,0,0,1
1,0,1,0,0,0,0,1,0,0,0,4,0,4,1,4,0,3,79,63,0,1,1,2
1,1,1,1,0,0,1,1,1,1,1,3,1,4,1,-3,0,2,58,19,1,1,1,3
1,1,1,1,1,1,1,1,1,1,1,3,0,7,0,4,1,4,13,46,1,1,0,4
1,1,1,1,1,1,0,1,1,1,0,2,1,3,0,0,1,2,18,52,0,1,1,2
1,1,1,1,1,1,1,1,1,1,1,5,0,6,0,2,1,2,54,60,1,1,1,4
0,1,1,1,0,0,1,1,1,1,1,2,1,4,1,0,0,4,66,69,0,1,0,2
0,1,0,0,1,1,0,0,1,1,0,4,1,4,0,0,0,2,49,53,1,0,0,1
1,1,1,1,1,1,1,1,1,1,1,5,1,3,1,4,1,3,68,32,1,1,1,5
1,0,0,0,0,1,1,1,1,1,1,1,1,3,0,3,1,2,18,78,1,0,0,3
1,1,1,1,0,1,1,1,1,1,1,4,0,5,0,3,1,3,81,14,1,1,0,3
1,1,1,1,0,1,1,1,1,0,1,2,0,3,0,-2,0,2,64,20,1,1,1,3
1,0,0,0,1,0,0,1,0,1,0,3,0,1,1,-2,0,3,29,10,1,1,0,2
1,0,0,1,0,0,1,1,1,0,1,2,1,2,0,4,0,4,74,62,1,1,1,3
0,0,1,0,1,0,1,1,0,0,1,3,0,6,0,3,1,3,72,30,0,0,1,1
1,1,1,1,0,0,1,1,1,1,1,3,1,7,1,1,1,2,14,27,1,1,0,3
0,1,1,1,1,1,0,1,0,0,0,3,1,6,0,3,0,3,79,48,0,1,1,2
1,1,1,1,1,1,0,1,1,1,1,4,0,1,0,1,0,4,80,41,0,1,0,2
1,1,1,1,1,1,0,1,1,1,1,0,0,2,1,0,1,2,19,59,0,1,1,2
0,0,0,0,1,0,1,0,1,1,0,4,0,1,0,0,0,4,59,40,0,0,0,1
1,1,1,1,1,1,1,1,1,1,1,3,0,0,1,1,0,2,52,44,1,1,0,4
1,1,1,1,0,1,1,1,1,1,1,4,1,0,1,1,0,2,30,71,1,1,0,3
1,1,1,1,1,1,0,1,1,1,1,5,1,1,1,0,0,4,52,52,0,1,0,2
1,1,1,1,0,1,1,1,1,1,1,5,0,4,0,4,1,3,26,74,1,1,1,3
1,1,1,1,1,1,1,1,1,1,1,4,0,6,1,4,1,4,36,25,1,1,1,4
0,0,1,0,1,1,0,0,1,0,1,4,1,7,0,3,0,3,64,66,1,0,0,1
0,1,0,0,1,0,0,0,1,1,0,5,0,2,1,4,0,3,44,31,0,1,0,1
1,1,1,1,1,0,0,1,1,0,0,1,0,2,1,0,1,3,31,69,0,1,0,2
0,1,1,1,1,0,1,1,1,1,1,3,1,1,0,-2,1,3,30,73,0,0,1,1
1,1,1,1,0,1,1,1,1,1,1,3,1,7,1,1,1,4,39,10,1,1,1,3
0,0,0,1,1,1,1,1,0,0,1,1,0,5,1,1,0,4,13,56,1,0,0,3
1,1,1,1,1,1,0,1,1,1,1,3,1,3,1,3,1,4,72,24,1,1,1,4
1,1,1,1,1,1,1,1,1,1,1,2,0,1,1,3,1,2,19,57,1,1,1,5
1,1,1,1,0,0,1,1,1,1,0,1,1,7,1,1,0,4,16,28,0,1,0,2
1,1,1,1,0,0,1,1,1,1,0,0,1,6,1,4,0,4,10,65,0,1,0,2
1,1,1,1,0,1,1,1,1,1,0,0,1,1,0,0,1,2,71,37,0,1,0,2
1,1,0,0,0,0,0,1,1,1,0,3,0,3,1,0,1,2,66,75,1,1,1,2
1,1,1,1,1,0,1,1,1,1,1,2,0,0,1,-3,1,2,55,71,1,1,1,3
0,1,1,1,1,0,0,1,1,0,1,3,0,0,1,2,0,2,12,41,0,1,0,2
1,0,1,0,1,0,0,0,1,0,1,0,1,0,1,1,1,3,50,30,1,1,0,1
1,1,1,1,1,0,1,1,1,1,1,1,1,7,0,1,1,2,19,23,1,1,0,3
0,1,1,1,1,1,1,1,1,1,1,3,0,4,0,-1,1,4,24,48,0,1,1,2
0,1,0,1,0,1,1,1,0,0,1,2,0,1,1,2,0,3,65,46,0,1,0,2
0,0,1,1,1,0,1,1,0,1,0,2,0,0,1,-1,1,4,46,66,0,1,0,2
1,1,1,1,1,0,1,1,1,1,1,1,0,6,1,-2,1,3,53,50,1,1,1,3
1,1,1,1,1,0,1,1,1,1,1,5,0,0,1,2,0,3,11,63,1,1,1,3
0,1,1,1,1,0,1,1,1,0,1,4,0,0,1,-3,1,2,37,16,1,0,0,3
1,1,1,1,1,1,1,1,1,1,1,4,1,3,1,3,1,4,65,51,1,1,1,5
0,1,0,1,0,0,1,1,1,0,1,0,1,0,1,-1,1,4,24,79,1,1,0,3
1,1,1,1,0,1,0,1,1,1,1,5,1,2,0,4,1,4,55,77,0,1,0,2
1,1,1,1,0,0,0,1,1,1,1,5,0,4,1,-2,0,2,75,64,1,1,1,3
1,1,1,1,0,0,0,1,1,1,1,1,1,2,0,0,1,2,78,55,0,1,0,2
0,1,0,1,0,1,1,1,1,0,0,4,1,1,1,2,1,2,67,43,1,1,1,2
1,1,1,1,0,0,1,1,1,1,1,4,0,3,0,-3,1,3,57,41,1,1,0,3
1,1,1,1,0,1,1,1,1,1,1,2,0,4,1,1,0,3,82,58,0,1,0,2
1,0,0,0,1,1,1,1,0,0,0,5,0,5,0,-2,0,2,39,30,1,1,1,2
1,1,1,1,1,1,1,1,1,1,1,3,1,2,1,3,1,2,63,24,1,1,1,5
0,1,0,0,1,1,1,1,0,0,0,0,0,4,0,1,0,3,83,54,1,0,0,1
1,1,1,1,0,1,0,1,1,1,1,5,0,3,0,3,0,4,24,42,0,1,1,2
1,1,1,1,0,0,1,1,1,1,1,0,1,7,0,4,0,4,49,67,1,1,0,3
1,1,1,1,1,1,1,1,1,1,1,2,1,6,0,0,1,3,77,48,1,1,1,4
0,1,1,1,1,1,1,1,0,0,1,3,1,5,1,-1,0,3,30,37,1,0,0,3
1,0,0,1,1,0,1,1,0,0,1,2,1,6,0,-1,1,3,70,16,1,0,0,3
0,0,0,1,1,0,1,0,1,0,1,2,1,0,1,2,1,3,11,60,0,1,1,1
0,1,1,1,1,1,0,0,1,1,0,0,1,5,0,4,1,4,21,38,0,1,1,1
1,0,0,0,1,1,0,0,0,0,0,1,0,3,0,-2,0,2,16,44,1,0,1,1
0,0,1,0,1,0,1,1,1,0,0,3,0,6,0,1,1,2,21,41,1,1,1,2
1,1,0,1,1,1,1,1,1,0,1,5,1,1,1,3,0,2,60,23,1,1,0,3
1,1,1,1,0,1,1,1,1,1,1,4,1,3,0,-2,1,2,74,39,1,1,0,3
1,1,1,1,1,1,1,1,1,1,1,4,0,7,0,3,1,2,25,62,1,1,1,4
1,1,1,0,1,1,1,0,0,1,1,2,0,2,1,0,1,2,12,79,1,1,1,1
0,0,1,1,1,1,0,1,0,0,1,0,0,2,0,-3,1,4,29,75,1,1,0,3
1,0,1,0,0,1,1,0,0,1,0,0,1,5,0,2,1,3,74,48,1,1,1,1
1,1,1,1,1,1,1,1,1,1,1,3,1,7,0,0,1,2,30,55,1,1,0,4
1,0,1,1,1,0,1,0,1,0,1,1,0,5,0,3,1,2,14,56,0,1,1,1
0,1,1,1,0,1,0,1,1,1,1,4,0,5,0,1,0,4,78,83,1,1,1,3
1,1,1,1,1,1,0,1,1,1,1,1,0,3,1,2,1,3,16,25,1,1,0,4
0,1,1,1,0,0,0,0,0,1,1,2,1,2,1,4,1,2,23,48,0,0,1,1
1,0,1,1,0,0,1,1,1,0,0,1,1,6,1,-1,0,4,14,13,1,1,0,2
1,0,1,1,1,0,1,1,0,1,1,3,0,6,1,1,0,3,34,58,1,1,1,3
0,1,0,1,0,1,1,0,0,1,1,4,1,7,1,2,0,2,35,37,0,1,0,1
1,1,1,1,1,1,1,1,1,1,1,3,1,3,1,3,1,3,60,11,1,1,0,5
1,1,1,1,1,1,1,1,1,1,1,2,1,4,0,3,0,3,44,58,1,1,1,4
1,1,1,1,1,0,1,1,1,1,1,1,1,3,0,2,1,3,13,23,1,1,1,3
0,1,1,1,0,1,0,1,0,0,0,2,0,5,1,1,0,3,58,47,1,1,0,2
0,0,1,1,1,0,1,1,0,0,0,5,0,6,0,3,1,3,38,22,0,1,0,2
1,1,1,1,1,0,1,1,0,0,0,5,1,2,0,1,1,3,38,19,0,1,1,2
1,1,0,1,0,0,0,1,0,1,0,2,1,6,1,-2,1,4,18,63,0,1,0,2
1,1,1,1,1,1,0,1,1,0,1,5,1,0,1,3,0,4,51,44,1,1,1,3
1,1,1,1,1,1,0,1,1,1,0,1,1,6,0,2,1,2,31,18,0,1,1,2
0,0,1,1,1,1,1,1,0,1,0,4,1,6,1,1,1,3,82,84,0,1,0,2
1,1,1,1,1,1,0,1,1,1,0,1,1,2,0,2,1,2,23,76,0,1,1,2
0,1,1,1,1,1,0,1,1,0,0,2,0,3,0,-1,1,4,42,58,0,0,1,1
1,1,1,1,1,0,0,1,1,0,1,3,1,5,0,0,0,4,19,41,0,1,1,2
0,0,1,1,0,1,0,0,1,1,0,4,0,4,0,-3,1,4,11,13,0,0,0,1
1,1,1,1,1,0,0,1,1,0,1,3,1,2,0,3,1,2,84,77,1,1,1,3
1,0,0,0,0,1,0,1,0,0,0,1,1,3,1,-3,0,3,48,46,1,1,0,2
1,0,0,0,0,0,1,0,0,0,0,4,0,3,1,-3,0,3,30,12,1,1,1,1
1,1,1,0,1,1,1,1,0,1,0,1,1,2,1,-1,0,3,28,77,1,0,0,1
0,1,0,1,1,1,0,1,1,0,1,0,0,0,0,-2,0,4,16,67,1,1,1,3
1,1,1,0,0,1,1,1,0,1,1,3,1,7,0,-3,1,2,68,33,0,0,1,1
1,1,1,1,1,0,1,1,1,1,0,2,1,3,1,-2,1,3,27,45,0,1,0,2
1,1,1,1,0,0,1,1,1,1,1,2,1,4,0,-2,1,3,63,18,1,1,1,3
1,1,1,1,0,1,1,1,1,1,1,1,0,2,0,-2,1,4,15,34,1,1,1,3
1,0,1,1,1,1,0,0,1,0,0,3,1,2,1,3,0,3,49,81,1,0,0,1
1,1,1,1,1,1,1,1,1,1,1,3,1,4,0,4,0,4,74,79,1,1,0,4
1,0,0,0,0,0,1,0,1,0,0,4,0,6,0,-3,1,4,60,24,0,0,0,1
1,1,1,1,0,0,1,0,0,0,0,2,1,0,1,4,1,3,65,67,1,0,0,1
1,1,1,1,0,0,0,1,1,1,0,1,1,3,1,-1,1,4,62,30,1,1,0,2
1,1,1,1,0,1,1,1,1,0,0,4,1,6,0,-2,1,2,34,28,1,1,0,2
0,0,0,1,1,1,0,1,1,0,0,5,1,7,1,-3,0,3,76,67,1,1,1,2
1,1,1,1,0,1,1,1,1,0,1,0,0,1,0,1,0,3,44,35,1,1,1,3
1,1,0,1,0,1,1,0,0,1,1,4,0,2,0,4,1,3,24,69,0,1,0,1
0,1,0,1,0,1,0,1,0,1,1,2,1,2,1,4,0,2,15,78,1,0,1,3
1,1,1,1,0,0,1,1,1,1,1,1,0,7,0,2,0,4,28,20,1,1,1,3
1,1,1,1,1,1,0,1,1,0,1,0,1,3,1,2,1,3,20,45,1,1,0,3
0,0,0,1,0,1,1,1,0,1,1,4,1,1,0,3,0,2,55,60,1,1,1,3
0,0,0,0,1,1,0,1,0,1,0,1,0,3,1,-2,0,4,32,11,1,0,0,1
1,1,1,1,1,1,1,1,1,0,1,5,1,5,1,4,1,4,28,83,1,1,0,3
1,1,1,1,1,1,1,1,1,1,1,4,1,3,1,2,1,4,59,12,1,1,1,5
1,1,1,1,0,1,0,1,1,1,0,2,0,5,1,-1,1,4,63,35,1,1,1,2
0,1,0,1,1,1,0,1,1,1,1,5,0,6,1,-2,1,2,62,52,1,1,0,3
1,1,1,1,1,0,1,1,1,1,1,4,0,7,0,0,1,3,75,17,1,1,1,3
1,1,1,1,1,1,1,1,1,0,0,3,0,5,1,-1,0,3,64,47,0,1,0,2
1,1,1,1,1,1,1,1,1,1,0,5,1,4,0,0,1,3,25,12,0,1,0,2
1,1,1,1,1,1,1,1,1,1,1,5,0,4,0,3,1,4,54,12,1,1,1,4
1,1,1,1,1,1,0,1,1,1,1,4,1,1,1,-2,0,2,60,50,0,1,1,2
1,1,1,1,0,0,1,1,1,1,1,3,1,1,0,4,1,3,71,63,1,1,0,3
1,1,1,1,1,0,1,1,1,1,1,5,0,6,0,1,1,4,53,74,1,1,0,3
1,1,0,0,0,0,1,1,0,0,0,1,1,7,0,4,0,2,24,49,0,0,0,1
1,1,1,0,1,1,0,1,1,0,0,0,1,5,1,0,0,3,49,16,1,1,0,2
1,1,1,1,1,1,1,1,1,1,1,3,1,0,1,3,1,2,34,53,1,1,1,5
1,1,1,1,0,0,1,1,1,0,0,3,1,2,1,-3,0,4,45,25,1,1,0,2
1,1,1,1,1,1,0,1,1,0,1,4,0,3,0,1,0,4,55,80,0,1,1,2
1,0,1,0,0,0,1,0,0,0,1,1,1,5,1,3,1,3,20,59,0,0,0,1
1,1,1,1,0,0,1,1,1,0,0,1,1,1,1,-2,0,2,71,42,0,1,1,2
1,1,0,0,0,1,1,0,0,1,0,1,0,3,1,4,0,4,73,29,0,1,0,1
1,1,1,1,1,1,0,1,1,1,1,3,1,1,1,1,1,3,78,12,1,1,1,4
1,1,1,1,1,1,1,1,1,1,1,2,0,5,0,2,0,3,39,37,1,1,1,4
0,0,1,0,0,1,0,1,0,1,0,0,1,3,0,-2,1,4,68,61,0,1,1,2
1,1,1,0,0,0,1,1,1,0,0,3,0,5,1,3,1,2,56,72,1,1,0,2
1,1,1,1,0,0,1,1,1,1,1,5,1,4,0,0,0,3,67,59,0,1,0,2
1,1,1,1,0,1,1,1,1,0,0,1,1,0,1,0,1,3,53,59,0,1,1,2
1,1,0,0,1,1,1,1,0,1,0,5,0,0,0,0,0,3,26,48,0,0,1,1
0,0,0,1,1,1,1,0,1,1,1,3,0,1,1,3,1,3,37,70,0,1,0,1
1,0,1,1,1,1,0,1,0,0,0,3,0,1,0,-3,1,2,78,14,0,1,0,2
0,0,1,0,1,1,0,0,1,0,0,0,0,3,1,4,1,4,64,64,1,0,0,1
1,0,1,1,0,1,1,1,0,0,0,2,1,6,0,-3,1,2,32,84,0,1,0,2
1,0,0,0,1,1,0,0,1,0,0,5,1,4,1,-2,1,2,82,67,0,1,0,1
0,0,0,1,1,0,0,0,1,1,0,2,1,1,0,-3,1,4,28,32,0,0,1,1
1,0,0,0,1,1,1,0,1,0,0,3,1,6,1,-1,1,2,27,42,0,1,0,1
1,0,1,0,1,1,0,1,0,1,1,5,1,2,0,0,0,2,55,75,0,0,1,1
1,1,1,1,1,1,1,1,1,0,1,3,1,2,0,-1,1,2,22,14,0,1,1,2
1,0,0,0,0,1,0,0,1,0,0,1,1,0,1,0,0,3,26,35,0,0,1,1
1,1,0,1,1,1,0,0,1,0,0,3,0,1,0,-2,1,3,61,63,1,0,1,1
1,0,0,0,0,1,1,0,0,1,1,1,1,1,0,-2,0,2,65,10,1,0,1,1
0,1,1,0,1,0,0,1,1,0,1,2,1,0,0,-3,1,2,58,32,1,0,0,3
1,1,1,1,1,1,1,1,1,1,0,1,0,5,0,2,1,3,47,32,0,0,0,1
1,1,0,1,1,1,0,1,0,0,0,0,1,3,1,-2,0,2,30,37,1,1,0,2
0,1,0,0,1,1,0,0,0,1,0,2,1,7,0,3,0,3,68,71,0,0,1,1
1,0,0,0,0,1,0,1,1,1,0,0,0,0,1,-2,1,3,11,31,0,1,0,2
1,1,1,1,0,0,0,0,1,1,0,2,1,1,0,4,1,4,49,60,0,0,0,1
1,1,1,1,1,1,1,1,1,1,1,5,0,5,0,0,0,3,33,21,1,1,0,4
1,0,0,0,1,1,1,0,0,1,1,0,1,0,1,3,0,3,82,56,0,0,1,1
0,1,0,0,0,0,0,1,0,1,1,5,1,6,0,-2,1,2,13,48,1,1,1,3
1,1,0,1,1,1,0,1,1,1,0,4,0,2,0,-3,1,3,52,68,1,1,0,2
0,0,1,0,0,1,0,1,0,0,0,5,1,1,0,0,1,4,50,81,0,0,1,1
0,1,0,1,1,1,0,1,0,0,1,5,0,1,1,0,0,2,13,12,1,0,0,3
0,1,0,1,1,1,1,1,0,1,1,0,1,1,0,1,0,3,33,33,0,1,1,2
1,1,1,1,1,1,0,1,1,0,1,2,0,3,0,-3,1,4,80,76,1,0,1,3
1,0,0,1,0,1,1,0,1,1,1,2,0,3,0,4,0,3,54,78,1,1,1,1
0,0,0,1,1,1,1,1,0,0,1,0,0,0,0,3,1,4,28,76,1,1,1,3
1,1,1,0,1,0,0,1,1,0,0,4,1,3,1,1,1,2,44,64,1,0,0,1
1,0,0,1,1,0,1,0,0,1,1,3,1,6,0,4,0,3,67,82,0,1,0,1
1,1,1,1,0,0,1,1,1,0,1,4,1,0,1,1,1,4,55,39,0,1,1,2
0,1,1,1,0,1,1,1,0,1,0,4,0,1,1,3,1,4,42,46,0,1,1,2
1,1,1,1,1,0,0,1,1,1,0,3,1,3,1,2,0,2,80,28,1,1,0,2
1,1,1,1,0,0,0,1,1,0,1,3,1,3,1,4,0,2,66,53,1,1,1,3
1,1,1,1,0,1,1,1,1,1,1,0,0,2,0,3,0,4,58,55,1,1,0,3
0,1,0,0,1,0,1,1,1,1,1,0,1,7,0,2,1,4,77,31,1,1,0,3
1,1,1,1,1,0,0,1,1,0,0,2,1,5,1,2,1,2,30,80,0,1,1,2
0,0,1,1,1,1,0,1,1,1,0,3,0,4,0,1,0,4,28,43,0,1,1,2
1,1,1,1,1,0,1,1,1,1,1,3,0,0,0,-3,0,3,25,23,0,1,0,2
0,1,1,0,1,1,1,0,1,0,0,3,1,3,0,0,0,2,81,22,0,1,0,1
1,1,1,1,1,1,1,1,1,1,1,0,0,3,0,3,0,4,33,62,1,1,1,4
1,1,1,1,1,1,1,1,1,1,1,1,0,1,1,4,1,2,45,83,1,1,1,5
1,1,1,1,1,1,1,1,1,1,1,2,0,0,1,2,1,2,26,63,1,1,1,5
1,1,1,1,1,1,1,1,1,1,0,3,1,3,1,1,1,4,10,55,0,1,1,2
1,1,1,1,1,1,1,1,1,1,1,3,1,5,0,0,0,3,84,32,1,1,0,4
1,1,1,1,0,1,1,1,1,1,1,5,1,7,1,-2,1,2,70,52,1,1,1,3
1,1,1,1,1,0,1,1,1,1,1,1,0,7,0,-2,0,4,38,67,1,1,1,3
1,1,1,1,0,0,1,1,1,1,1,0,1,4,0,3,0,2,36,70,1,1,0,3
1,1,0,1,1,0,0,1,1,1,0,5,0,4,0,4,1,2,51,63,0,1,1,2
0,1,1,0,1,0,1,0,0,1,0,4,0,4,1,-1,0,4,53,31,0,0,0,1
1,0,1,0,1,1,1,0,1,0,0,2,0,0,0,-1,1,2,16,60,1,0,1,1
1,1,1,1,0,0,1,1,1,1,1,0,0,1,0,1,0,3,22,18,1,1,0,3
1,1,1,1,1,0,1,1,1,1,1,4,1,3,1,3,1,2,54,67,1,1,0,3
1,1,1,1,1,1,1,1,1,1,1,3,0,7,0,0,0,4,56,79,1,1,1,4
0,0,1,1,1,0,1,1,0,0,0,2,0,7,1,0,0,4,67,52,1,1,0,2
1,1,1,1,1,1,1,1,1,1,1,2,0,4,1,0,1,4,30,62,1,1,1,4
1,1,0,1,0,1,1,1,1,0,1,1,0,7,0,3,0,4,41,32,0,1,1,2
0,0,1,0,1,1,1,0,0,0,1,4,0,3,0,0,1,4,59,61,1,1,1,1
0,0,1,1,1,1,0,1,0,0,0,1,1,2,0,-3,1,3,44,17,1,1,0,2
1,1,1,1,0,0,1,1,1,0,0,4,1,4,1,1,1,4,25,31,1,1,1,2
1,0,0,1,1,1,1,1,1,1,0,1,1,6,0,-3,1,3,41,21,0,1,0,2
0,0,1,0,1,1,1,1,1,1,1,2,0,4,0,3,1,2,32,55,1,1,0,3
1,1,1,1,1,1,1,1,1,1,1,3,0,5,1,2,1,4,39,17,1,1,1,4
1,0,1,1,1,1,1,1,1,0,1,1,1,6,1,-1,0,3,56,46,1,1,0,3
1,1,1,1,1,0,1,1,1,1,1,1,0,3,0,-2,0,2,39,67,1,1,0,3
1,1,1,1,0,0,0,1,1,0,0,5,0,4,1,-3,1,4,21,10,0,1,1,2
0,1,0,1,1,0,1,1,0,0,0,4,1,4,0,4,0,4,62,67,1,1,1,2
1,1,1,1,0,0,1,1,1,1,1,3,0,0,1,3,0,4,14,36,1,1,1,3
1,1,1,1,1,1,0,1,1,0,1,5,1,6,1,0,0,3,58,37,1,1,1,3
0,1,1,0,1,1,0,1,1,0,0,0,1,2,1,4,1,4,55,51,0,0,0,1
0,0,1,1,1,1,1,1,0,1,0,1,0,5,1,-2,0,4,19,61,1,1,0,2
1,1,1,1,1,1,1,1,1,1,0,5,1,5,1,4,0,4,69,76,1,1,1,2
1,0,0,1,0,1,0,0,1,0,1,0,0,3,0,4,1,2,64,66,0,1,0,1
1,1,1,1,1,1,1,1,1,0,1,3,1,2,0,1,1,3,27,71,0,1,1,2
1,0,0,0,1,1,1,0,0,1,1,4,0,5,1,-1,1,3,30,66,1,0,0,1
1,1,1,1,1,0,1,1,1,1,0,3,0,0,0,3,1,2,43,22,1,1,0,2
1,1,1,1,0,1,1,1,0,0,0,0,1,6,0,-3,1,2,16,70,0,1,0,2
1,1,1,1,0,1,0,1,1,1,1,2,1,1,0,-1,0,4,9,59,0,1,0,2
1,1,0,1,1,1,0,1,1,0,0,1,1,5,0,0,0,3,54,18,1,1,0,2
1,1,1,1,0,1,1,1,1,1,1,5,1,3,1,4,1,2,51,10,1,1,1,3
1,1,1,1,0,0,1,1,1,1,1,5,1,4,0,4,0,4,73,36,1,1,0,3
0,1,0,0,0,0,1,0,0,1,1,0,0,3,1,4,1,2,84,49,0,1,1,1
1,1,1,1,1,1,1,1,1,1,1,4,0,7,0,0,0,3,50,16,1,1,0,4
1,1,1,1,0,1,1,1,1,1,1,0,0,2,1,1,1,4,29,27,1,1,1,3
1,1,1,1,0,0,1,1,1,1,1,4,1,0,1,-3,1,4,63,44,1,1,0,3
1,0,1,1,1,1,0,1,1,0,1,5,1,1,0,3,1,2,22,81,0,0,1,1
1,1,1,1,0,1,1,1,1,0,1,4,1,5,1,0,1,4,18,57,0,1,0,2
1,1,1,1,1,1,1,1,1,0,0,4,1,4,1,1,0,2,23,39,1,1,0,2
1,1,1,1,0,0,1,1,1,0,1,5,1,3,1,1,0,2,69,18,0,1,0,2
0,1,1,1,1,1,1,1,0,0,1,0,1,6,1,4,0,4,14,84,0,1,0,2
1,0,1,1,0,1,0,1,1,0,0,3,0,4,1,-3,1,4,79,60,0,1,1,2
1,1,1,1,0,1,1,1,1,1,1,3,0,3,0,0,0,3,62,26,1,1,0,3
1,1,1,1,1,1,1,1,1,0,1,5,0,5,1,2,0,3,47,19,1,1,1,3
1,0,0,0,0,1,1,0,1,1,1,1,1,2,1,2,0,2,23,49,1,1,1,1
0,1,0,1,0,0,1,0,0,0,0,0,0,4,1,1,1,4,10,56,0,0,1,1
0,0,1,1,1,0,1,0,0,0,0,2,0,1,0,-3,1,4,46,63,0,1,1,1
1,1,1,1,0,0,1,1,1,1,1,3,0,1,1,-1,1,3,51,23,1,1,1,3
1,1,1,1,1,1,1,1,1,1,1,4,0,6,0,1,1,3,80,72,1,1,1,4
1,0,0,0,1,1,1,0,0,1,0,0,1,5,1,0,1,4,31,34,1,0,1,1
1,1,1,1,1,0,1,1,1,1,1,5,1,3,0,1,0,3,80,30,1,1,0,3
1,1,1,1,1,1,1,1,1,1,1,4,1,0,1,1,1,2,65,21,1,1,1,5
0,1,1,1,1,1,1,1,0,1,0,3,1,7,0,0,0,2,23,22,0,1,0,2
0,0,0,1,0,0,0,1,0,1,1,1,0,2,0,1,0,3,13,12,0,1,0,2
1,1,1,1,1,1,1,1,1,1,0,3,0,4,1,1,1,2,34,76,1,1,0,2
1,1,1,0,1,0,0,0,1,0,0,5,1,5,0,-3,1,3,17,29,0,0,1,1
1,1,0,0,0,0,1,0,0,1,0,4,1,5,0,-2,1,3,69,45,0,0,1,1
1,1,1,1,1,1,0,1,1,0,0,0,1,6,0,1,0,2,43,27,1,1,0,2
1,0,0,1,1,0,1,1,1,0,1,2,1,7,0,0,1,2,68,73,0,1,0,2
1,1,1,1,1,0,1,1,1,1,0,5,1,7,1,2,0,2,62,75,0,1,1,2
0,1,0,1,1,1,1,1,0,0,0,0,0,2,1,2,1,4,22,83,1,1,0,2
1,1,1,1,1,1,0,1,1,1,1,5,0,6,0,-2,1,3,52,54,0,1,1,2
0,1,1,1,1,1,0,0,0,1,1,1,1,0,1,-3,0,2,21,43,1,1,0,1
1,1,1,1,0,1,0,1,1,1,0,1,1,5,0,-2,1,3,30,61,1,1,0,2
0,1,1,1,1,1,0,1,1,0,1,3,0,2,0,-1,1,2,42,52,1,1,1,3
1,0,0,0,0,1,0,1,0,1,1,4,1,5,1,0,1,3,35,17,0,0,0,1
0,0,1,1,1,1,1,1,0,0,1,4,0,0,1,2,0,2,46,39,0,1,0,2
1,1,1,1,1,1,0,1,1,1,1,5,1,3,0,2,1,4,54,33,0,1,1,2
1,1,1,0,1,1,0,1,1,0,1,1,0,3,1,1,1,3,71,11,0,0,1,1
1,1,0,1,1,0,0,1,1,0,1,1,1,5,1,3,0,4,49,37,1,0,0,3
1,1,1,1,1,0,1,1,1,1,1,5,0,3,0,2,1,4,58,13,1,1,0,3
0,1,0,1,1,1,1,1,1,1,0,5,0,1,1,-1,1,4,16,49,0,1,1,2
1,0,1,0,1,0,1,1,0,1,0,1,0,5,0,3,0,4,30,72,0,0,1,1
1,1,1,1,1,1,1,1,1,1,1,3,1,4,0,1,1,3,41,13,1,1,1,4
1,0,1,1,1,1,1,0,1,0,1,2,0,2,1,-1,0,3,40,68,0,1,0,1
1,1,1,1,1,1,1,1,1,1,1,3,1,0,1,3,1,3,22,65,1,1,1,5
1,1,1,1,1,0,0,1,1,0,0,1,1,5,0,-1,1,4,39,38,0,1,0,2
1,0,1,1,1,1,1,0,1,1,0,3,1,4,1,2,1,4,24,82,1,1,0,1
1,1,1,1,1,0,1,1,1,1,1,5,1,5,0,2,1,2,69,15,0,1,0,2
0,1,0,1,1,1,0,1,0,0,1,1,0,6,1,-1,0,3,15,40,1,1,0,3
0,0,1,1,0,1,1,1,1,1,0,4,0,4,0,-1,1,3,34,79,1,1,1,2
1,0,1,0,1,1,1,1,1,1,0,2,1,1,1,-1,1,4,52,19,1,0,0,1
1,1,1,1,0,1,0,1,1,1,1,3,0,3,0,0,0,4,27,80,1,1,0,3
1,1,1,0,1,0,1,0,0,1,0,3,1,4,1,3,1,2,73,26,0,1,1,1
0,1,0,1,1,1,1,0,0,1,0,2,1,4,0,-1,0,4,59,48,0,1,0,1
1,0,1,0,1,0,0,0,0,1,0,4,0,0,1,-2,1,3,42,55,0,0,0,1
1,1,1,1,0,1,1,1,1,1,1,5,1,5,1,3,1,4,69,24,1,1,1,3
0,1,1,1,0,0,1,1,1,1,0,2,0,3,0,-2,1,4,53,31,0,1,1,2
1,1,1,1,0,1,1,1,1,1,1,0,1,3,0,-2,0,2,37,41,1,1,0,3
0,0,0,1,0,0,0,1,1,1,0,1,0,2,0,-2,1,4,15,70,1,1,0,2
1,1,1,1,0,0,1,1,1,1,1,0,1,3,1,4,0,3,77,77,1,1,0,3
0,1,0,0,0,0,0,0,1,0,1,2,1,4,1,1,1,3,14,28,0,0,0,1
0,1,1,1,1,0,1,1,0,0,0,2,0,5,1,1,0,2,61,80,1,1,0,2
0,1,0,0,1,0,0,0,1,0,0,2,0,0,0,4,0,3,25,54,1,0,0,1
0,1,1,0,0,1,0,1,1,1,0,5,0,5,1,-2,0,4,46,29,0,1,0,2
1,1,0,1,1,1,1,1,0,0,1,2,0,7,0,3,1,4,26,83,1,1,1,3
1,1,0,0,1,0,1,1,0,0,0,2,0,1,1,0,1,3,46,68,0,0,1,1
1,1,1,1,1,0,0,1,1,1,1,1,1,0,1,0,0,4,13,54,1,1,1,3
1,0,1,1,0,0,0,1,0,1,0,1,1,6,1,-2,0,2,79,45,0,0,1,1
1,0,1,1,0,1,1,1,1,0,1,3,1,5,1,-3,1,3,31,33,0,1,1,2
1,1,1,1,0,0,1,1,1,0,1,0,1,4,1,-1,1,3,72,21,1,1,1,3
1,0,0,1,1,1,1,1,1,1,1,4,0,1,0,4,1,4,74,65,0,0,0,1
1,1,1,1,0,0,0,1,1,0,0,0,0,3,0,-1,1,2,62,36,1,0,0,1
1,1,1,1,1,1,1,1,1,1,1,3,1,1,1,2,1,3,24,62,1,1,1,5
1,1,0,1,1,1,1,0,1,1,0,3,0,0,0,1,1,2,14,76,0,1,1,1
0,1,1,1,1,1,1,1,1,1,1,4,0,7,1,3,0,2,73,15,0,1,1,2
1,1,0,1,0,0,1,0,1,0,0,4,1,7,1,4,0,2,14,27,0,0,0,1
1,1,1,1,1,1,1,1,1,1,0,3,0,0,1,1,0,4,62,74,1,1,1,2
1,0,0,0,1,0,1,0,1,1,1,0,0,0,0,1,0,3,61,23,1,1,0,1
0,1,0,1,0,1,1,0,0,0,1,5,0,5,0,-2,1,4,43,64,0,1,1,1
0,0,0,1,1,1,1,1,0,1,1,3,0,0,0,-3,1,2,26,36,0,1,0,2
1,1,1,1,1,0,1,1,1,1,1,4,1,3,1,1,0,4,31,39,1,1,1,3
1,1,1,1,1,1,1,1,1,0,0,4,0,0,0,-3,0,3,46,61,1,1,1,2
1,1,1,1,0,1,0,1,1,0,1,2,0,5,0,0,1,2,73,57,1,1,0,3
1,1,0,0,1,1,1,0,0,0,1,1,0,6,0,-2,0,4,10,27,1,1,0,1
1,1,0,1,0,1,1,0,0,1,1,0,0,4,1,0,0,3,26,63,1,0,1,1
1,1,1,1,1,0,1,1,1,1,1,5,0,1,0,-3,1,3,50,83,1,1,1,3
1,0,0,0,1,0,1,1,1,0,0,1,0,4,1,-2,1,2,59,64,1,0,1,1
1,1,1,1,0,0,1,1,1,1,1,4,0,0,1,1,1,2,14,34,1,1,0,3
1,1,1,1,0,0,1,1,1,1,1,1,0,1,0,2,0,3,21,47,1,1,1,3
0,1,1,1,0,0,0,1,1,1,0,5,1,1,1,3,1,2,26,17,1,1,0,2
1,1,1,1,0,0,0,1,1,1,1,5,1,0,0,-2,1,4,41,57,0,1,1,2
1,0,0,0,0,1,0,0,1,1,1,3,0,0,1,-2,0,3,43,75,1,1,1,1
1,1,1,1,1,1,1,1,1,1,1,5,0,5,0,3,1,4,11,19,1,1,1,4
1,1,1,0,0,0,1,0,0,0,0,0,1,1,1,0,1,3,39,17,0,0,0,1
0,1,0,1,1,1,1,1,1,0,0,4,1,3,1,-1,1,4,80,41,1,1,0,2
1,1,1,1,1,1,1,1,1,1,1,2,1,6,0,1,0,3,44,17,1,1,0,4
1,1,1,1,1,0,1,1,1,1,1,5,1,0,0,-1,1,3,70,27,1,1,0,3
1,0,1,0,1,0,0,1,0,0,1,2,0,4,1,1,0,3,29,15,0,1,0,2
1,1,1,1,0,1,1,1,1,1,1,1,1,4,1,4,0,3,25,10,1,1,1,3
1,1,1,1,1,0,1,1,1,1,1,0,0,1,1,-3,0,4,45,48,1,1,1,3
1,1,1,1,1,0,1,1,1,1,1,4,0,5,1,2,1,4,26,34,0,1,1,2
1,1,1,1,1,0,1,1,1,1,1,0,1,4,1,0,1,3,51,67,1,1,1,3
0,0,1,1,1,1,1,0,0,0,1,0,1,1,1,-3,0,2,43,83,1,1,1,1
1,0,0,0,0,1,0,0,0,1,1,5,0,6,1,1,0,3,28,64,0,1,0,1
1,1,1,1,1,0,1,1,1,1,1,4,1,3,0,-2,0,2,10,11,1,1,0,3
1,1,1,1,1,0,0,1,1,0,0,1,1,1,1,0,1,3,37,46,1,1,0,2
1,0,0,1,0,0,0,0,0,1,1,4,0,6,1,4,1,2,22,29,1,1,1,1
1,1,1,1,0,1,0,1,0,1,1,0,0,5,1,-3,1,4,34,29,0,1,0,2
0,1,1,1,1,0,1,1,0,1,1,0,1,3,1,3,0,2,41,70,0,1,1,2
1,1,1,1,0,0,1,1,1,1,0,1,1,3,1,4,0,2,15,73,0,1,1,2
1,1,0,0,1,1,0,1,1,1,0,0,1,2,1,1,0,2,51,43,1,0,0,1
1,1,1,1,1,1,1,1,1,0,1,2,1,3,0,2,1,3,84,50,1,1,0,3
0,0,0,1,1,0,0,0,0,0,1,1,1,0,1,0,0,3,39,45,1,1,1,1
1,1,1,1,1,1,1,1,1,1,1,3,1,2,1,4,1,3,43,52,1,1,1,5
1,1,1,1,1,1,0,1,1,1,0,5,1,3,0,2,0,3,17,37,0,1,1,2
1,1,1,1,1,0,1,1,1,1,1,0,1,1,0,1,1,2,76,19,1,1,1,3
1,1,1,1,1,1,0,0,0,1,0,4,0,3,1,-1,0,2,35,43,1,1,1,1
0,0,0,1,1,0,1,0,0,0,1,4,1,6,1,-2,0,3,19,30,1,0,1,1
0,1,1,1,0,0,1,1,1,0,0,2,0,4,0,-2,0,2,25,49,1,1,1,2
1,1,0,0,0,1,1,1,0,1,0,0,0,6,1,2,1,2,9,73,1,1,0,2
0,0,0,1,1,1,1,1,1,1,1,1,1,6,0,2,1,2,61,44,1,1,1,3
0,0,0,1,1,1,0,0,1,0,0,4,1,2,1,-1,1,4,72,72,0,1,0,1
0,0,0,1,1,1,0,1,0,1,1,3,1,5,1,3,0,2,33,55,0,1,1,2
1,0,1,1,1,1,0,1,0,1,1,4,1,0,0,-3,1,4,43,34,0,1,1,2
1,1,1,1,1,1,0,1,1,0,0,3,1,2,0,2,1,2,24,36,1,1,0,2
1,0,1,0,1,1,1,1,0,1,0,4,0,3,1,-2,0,2,24,46,1,0,0,1
1,1,1,0,0,0,0,1,0,0,1,4,0,4,0,3,0,3,69,33,1,1,0,3
1,1,1,1,0,0,0,1,1,0,0,3,0,0,0,-2,1,3,28,83,0,1,0,2
1,1,1,1,1,1,0,1,1,1,0,0,1,3,0,2,1,3,52,65,0,1,1,2
1,1,1,1,1,0,1,1,1,1,0,1,1,4,0,0,1,3,84,52,0,1,0,2
1,1,0,1,1,1,1,0,0,1,0,5,0,6,1,1,0,3,70,32,0,0,1,1
1,1,1,1,1,0,0,0,0,1,0,0,1,6,0,-1,1,2,77,51,0,1,1,1
1,1,1,1,0,0,1,1,1,1,1,5,0,4,1,-3,1,4,33,37,0,1,1,2
0,0,1,0,1,1,1,0,0,0,1,0,1,6,0,1,0,2,20,43,0,0,0,1
1,1,1,1,0,0,1,1,1,1,0,2,0,0,0,3,0,3,27,34,0,1,0,2
1,1,1,1,1,1,0,1,1,0,0,5,0,0,0,3,0,2,36,33,1,1,1,2
0,0,0,1,1,1,0,0,1,0,1,1,1,3,1,4,1,3,50,55,0,0,1,1
0,0,1,1,0,1,0,1,0,1,0,0,0,1,1,-3,0,3,59,10,0,0,0,1
1,0,1,1,0,1,1,1,0,1,1,1,0,2,1,-1,1,2,80,18,1,1,0,3
1,1,1,1,0,1,1,1,1,1,1,0,0,6,0,2,0,3,22,23,0,1,0,2
1,1,0,0,0,1,0,1,0,1,0,1,0,4,0,-3,1,4,47,70,0,0,1,1
1,1,1,1,1,0,1,1,1,1,1,3,0,7,1,4,1,3,12,75,1,1,1,3
0,1,0,1,1,1,0,0,1,0,1,2,0,3,0,1,0,4,60,64,0,0,1,1
0,0,0,1,0,0,0,1,1,1,0,3,0,6,0,-1,0,3,55,64,1,0,1,1
0,0,0,0,0,1,0,1,0,1,1,2,0,1,1,3,0,2,21,17,1,0,1,3
1,0,1,0,1,1,1,1,0,1,1,1,0,4,0,4,1,4,79,62,1,0,0,3
0,0,0,1,1,0,1,1,0,1,1,1,0,1,1,4,1,3,75,55,0,1,1,2
1,1,1,1,1,0,0,1,1,0,1,0,0,3,0,3,0,3,15,48,1,1,0,3
1,1,1,1,0,0,1,1,1,1,1,4,1,4,1,-2,1,2,65,58,1,1,0,3
1,1,1,1,1,1,1,1,1,0,1,1,1,7,0,1,1,4,26,67,0,0,1,1
1,0,0,1,1,1,1,1,1,1,0,5,1,5,0,3,0,3,67,78,0,1,1,2
0,1,0,0,1,0,1,1,1,1,0,4,0,4,0,3,1,3,33,21,0,0,0,1
1,1,1,1,0,1,1,1,1,1,1,0,0,0,0,0,0,3,37,28,1,1,1,3
0,0,1,1,1,1,1,1,0,1,1,4,0,3,1,-3,0,3,82,80,0,1,1,2
1,1,1,1,0,0,1,1,1,1,1,4,0,5,0,-2,0,3,17,29,1,1,1,3
0,0,0,1,1,1,0,1,1,0,0,1,1,6,1,2,0,2,71,54,0,1,0,2
1,1,1,1,1,1,1,1,1,1,1,4,1,2,1,2,1,2,17,26,1,1,1,5
0,1,1,1,1,1,1,1,1,0,0,1,0,1,1,4,1,4,36,44,0,1,0,2
1,1,1,1,1,1,1,1,1,1,1,1,1,2,1,3,1,3,34,64,1,1,0,5
0,1,0,0,1,0,0,0,0,0,1,1,0,7,0,-3,1,3,21,17,0,1,1,1
1,1,1,1,1,1,1,1,1,1,1,5,0,2,1,2,0,4,57,31,1,1,0,4
1,1,1,0,0,0,1,1,1,0,0,5,0,7,1,0,0,2,72,22,0,0,1,1
1,0,1,1,1,1,0,1,1,0,0,1,0,6,1,4,0,2,79,57,0,1,0,2
1,1,0,1,1,1,1,1,0,1,1,3,1,0,0,2,1,3,46,78,1,1,1,3
1,1,1,1,0,1,1,1,1,0,1,4,0,1,1,0,1,3,66,25,1,1,0,3
1,1,0,1,0,1,1,1,1,1,1,4,0,1,1,0,0,3,62,18,0,1,1,2
1,1,0,0,1,0,0,0,1,1,1,4,0,5,0,1,0,4,64,72,1,0,0,1
0,1,0,0,1,0,0,0,1,1,1,3,0,6,1,2,1,4,81,74,1,0,0,1
1,1,1,1,0,0,1,1,1,1,1,2,0,4,0,3,0,3,66,51,1,1,0,3
1,1,0,0,1,1,0,0,1,1,0,0,1,1,0,1,0,3,62,55,1,0,1,1
1,0,0,1,1,0,1,1,1,1,0,2,0,5,1,-1,0,3,52,16,0,1,1,2
1,1,1,1,1,1,1,1,1,1,1,2,0,6,0,4,0,4,38,70,1,1,0,4
0,0,1,1,0,0,1,1,1,1,1,3,1,2,0,1,0,2,19,75,0,1,1,2
1,1,1,1,1,0,0,1,1,1,0,0,0,0,1,3,1,3,65,37,1,1,1,2
0,0,0,1,1,0,1,1,0,1,0,2,0,7,0,-1,1,2,56,26,0,1,0,2
1,1,1,1,1,0,1,1,1,1,1,2,1,1,0,4,0,2,20,10,1,1,0,3
0,0,1,1,0,0,1,1,0,1,1,4,0,1,0,3,1,3,10,83,1,0,1,3
1,1,1,0,1,0,1,0,1,1,1,4,0,7,1,3,0,3,39,69,0,0,0,1
1,1,1,1,0,1,0,0,1,1,1,0,1,5,0,0,1,2,29,56,1,0,0,1
1,1,1,1,0,0,1,1,1,1,1,3,1,4,1,1,1,4,18,77,1,1,0,3
1,1,1,1,0,0,1,1,1,0,0,3,0,1,1,0,0,3,80,72,0,1,0,2
1,1,1,1,0,0,1,1,1,0,0,2,1,1,0,-1,1,3,73,30,1,1,1,2
1,1,1,1,0,0,0,1,1,0,1,3,1,7,1,-3,1,3,15,73,1,1,0,3
1,1,0,0,0,1,1,0,1,1,0,1,0,1,0,-1,0,4,49,59,1,0,1,1
0,1,0,1,1,0,0,1,1,0,1,3,1,4,1,3,1,4,71,16,1,1,0,3
0,0,1,1,1,1,0,1,0,1,0,0,0,6,1,-2,0,2,31,52,1,1,0,2
1,1,1,1,1,1,1,1,1,1,1,4,1,3,1,3,1,3,58,23,1,1,1,5
1,1,1,1,1,1,1,1,1,1,1,5,0,0,0,2,0,3,81,73,1,1,1,4
1,1,0,0,1,1,1,1,1,0,1,1,1,7,0,-3,1,2,28,68,0,1,0,2
0,0,0,1,1,1,0,1,1,0,0,5,0,7,0,-2,1,2,32,25,0,1,1,2
1,1,1,1,1,0,1,1,1,1,1,0,0,6,0,-2,0,3,34,23,1,1,0,3
0,0,1,1,1,0,1,1,0,0,1,1,1,5,0,1,0,2,55,13,0,1,1,2
0,1,1,1,1,1,1,0,1,0,0,1,1,2,1,0,0,2,40,49,1,1,1,1
1,1,1,1,1,0,1,1,1,1,1,3,0,1,1,2,1,4,29,67,1,1,1,3
1,1,0,0,0,1,0,0,0,1,1,2,1,3,0,1,1,2,12,80,1,0,0,1
0,1,0,1,1,1,0,1,0,1,0,0,1,7,0,1,0,2,79,37,0,1,1,2
1,1,0,0,0,1,0,1,1,1,1,2,0,0,0,2,1,3,69,38,0,1,1,2
1,1,0,1,0,0,1,1,1,0,1,5,0,3,1,-1,0,2,70,57,0,1,1,2
1,0,1,1,0,1,1,0,0,1,0,5,0,2,0,2,1,3,43,47,0,1,0,1
1,0,0,1,1,1,0,0,0,1,1,1,1,2,1,2,1,4,74,56,1,0,0,1
1,0,1,1,0,0,1,1,0,0,0,0,1,1,0,3,0,4,24,34,1,1,1,2
0,0,0,1,1,0,1,0,0,1,0,3,0,0,0,1,0,4,38,37,0,0,0,1
0,1,1,1,0,0,0,1,1,0,0,3,1,3,1,-1,0,3,41,39,1,1,1,2
0,0,0,0,0,0,0,0,0,1,1,4,0,5,0,3,1,3,65,63,1,0,0,1
1,0,1,0,0,0,1,0,0,0,1,2,1,2,1,0,0,4,39,23,1,0,0,1
1,0,0,1,1,1,0,1,0,0,0,0,1,6,0,0,1,2,59,22,1,1,1,2
1,0,1,1,1,1,1,1,1,1,0,2,1,2,1,-2,0,2,34,66,1,1,0,2
1,1,1,1,0,0,1,1,1,1,1,0,1,1,0,1,1,4,37,13,1,1,1,3
0,1,0,1,0,1,1,1,0,1,1,3,1,4,0,0,0,2,69,75,1,1,0,3
1,1,1,1,1,0,1,1,0,1,1,5,1,6,0,0,1,3,45,82,0,1,1,2
0,1,1,0,0,1,1,0,1,1,0,5,1,4,0,3,0,3,21,16,0,1,0,1
1,0,1,1,0,1,0,1,0,1,0,0,0,0,0,-3,1,2,56,24,0,1,0,2
1,1,1,1,1,1,1,1,1,1,0,0,1,5,0,-1,1,2,65,65,1,1,1,2
0,1,0,1,1,1,0,1,0,0,1,2,0,0,1,1,1,3,49,44,0,0,0,1
1,0,1,1,0,1,0,1,1,1,0,3,1,5,1,4,0,3,68,54,0,1,0,2
1,1,1,1,0,1,1,1,1,1,1,0,1,1,0,3,1,2,58,43,1,1,0,3
1,1,1,0,1,1,0,1,1,1,1,1,0,1,1,4,1,2,49,23,1,0,1,4
1,1,1,1,1,1,1,1,1,1,1,3,0,7,0,2,1,4,56,35,1,1,1,4
1,0,1,0,0,0,1,0,1,1,1,1,0,7,0,-1,1,4,32,27,0,0,0,1
1,0,0,1,0,0,1,1,0,0,0,3,0,1,0,4,1,3,20,33,0,1,1,2
1,1,1,1,0,0,1,1,1,1,1,5,1,0,0,4,1,2,55,81,1,1,0,3
1,1,1,1,1,1,1,1,1,1,1,4,1,3,1,3,1,2,29,24,1,1,0,5
0,0,0,1,1,1,0,0,1,1,1,2,0,5,1,0,1,3,14,57,0,0,1,1
0,1,1,1,1,0,0,1,0,0,0,2,0,4,1,2,1,3,33,16,1,1,0,2
1,1,1,1,0,0,1,1,1,1,1,1,0,1,1,0,0,2,14,41,1,1,1,3
0,0,1,1,0,0,0,1,0,0,1,4,0,0,0,1,1,2,59,25,1,1,1,3
1,1,1,1,1,1,1,1,1,0,1,3,1,0,0,4,1,2,45,53,0,1,1,2
1,1,1,1,0,1,0,1,1,0,1,4,1,0,0,-2,1,3,34,73,0,1,1,2
1,1,1,1,0,0,1,1,1,1,0,5,1,3,1,-2,0,4,73,37,0,1,1,2
1,1,0,0,1,0,1,1,1,0,0,3,0,2,0,2,1,4,40,31,1,0,1,1
1,1,1,1,0,1,1,1,1,1,1,4,0,2,1,4,0,4,26,13,1,1,1,3
1,1,1,1,1,1,0,1,1,0,0,4,1,7,1,3,1,4,59,61,1,1,0,2
1,1,1,1,1,0,1,1,1,1,1,1,1,6,0,2,1,3,39,16,1,1,1,3
1,1,1,1,1,1,1,1,1,1,1,2,0,3,0,2,0,2,19,14,1,1,0,4
1,1,1,1,1,0,0,1,1,1,0,4,0,4,0,4,1,4,54,30,1,1,0,2
0,0,1,1,1,1,1,0,0,0,1,2,1,6,0,0,0,2,9,73,0,1,1,1
1,1,1,1,1,0,1,1,1,1,1,4,0,6,1,2,1,3,56,81,1,1,1,3
1,0,0,1,0,0,1,1,0,1,0,0,0,4,1,4,0,2,68,33,0,0,0,1
0,0,1,1,1,1,0,1,0,0,1,4,1,1,0,-2,0,3,45,79,1,1,1,3
1,1,1,1,1,0,0,1,1,0,1,5,1,1,0,-1,1,2,34,34,1,1,0,3
1,1,0,0,1,1,1,1,1,1,0,1,0,1,1,-3,1,3,32,71,1,1,0,2
0,0,1,0,1,0,0,1,1,0,0,4,0,4,1,1,0,4,75,67,0,0,1,1
1,0,1,1,1,1,1,1,0,1,1,2,1,7,1,3,1,2,41,83,0,1,1,2
1,1,1,1,0,1,1,1,1,1,1,0,0,0,1,1,0,4,78,76,1,1,1,3
0,0,0,1,1,0,1,0,0,1,0,1,1,5,1,-1,0,2,38,46,1,0,1,1
1,1,1,1,1,0,0,1,1,1,0,3,0,5,0,4,0,3,36,17,0,1,0,2
1,1,0,1,0,0,1,1,0,1,1,3,0,4,1,-3,0,3,71,66,0,1,1,2
0,1,0,1,0,0,1,1,1,0,1,1,1,4,0,-2,1,4,10,73,1,1,0,3
1,1,1,1,1,1,1,1,1,1,0,0,0,5,1,3,0,4,82,83,1,1,1,2
1,0,0,0,1,1,1,1,0,1,0,3,1,7,0,-2,0,4,71,37,0,1,0,2
1,1,1,1,1,0,1,1,1,1,1,2,1,7,1,4,0,3,40,39,1,1,0,3
1,1,0,1,0,1,0,1,0,0,1,3,1,5,0,2,1,3,65,25,1,0,1,3
1,0,0,1,1,1,0,0,1,1,0,1,0,6,1,-3,0,4,51,62,1,0,1,1
0,0,0,1,1,1,1,1,1,0,0,3,0,0,1,0,1,4,30,13,0,1,0,2
1,1,1,1,1,1,0,1,1,0,0,5,1,6,0,4,0,4,82,60,0,1,1,2
1,1,1,1,0,0,0,1,1,1,1,0,1,2,1,2,1,2,27,82,0,1,1,2
0,0,1,1,0,0,1,1,1,0,0,0,1,7,1,-2,0,3,42,50,1,1,0,2
1,1,1,1,1,0,0,1,1,1,1,3,0,5,0,0,1,2,62,75,0,1,1,2
1,1,1,1,0,1,0,1,1,1,1,1,1,4,1,-2,0,2,13,10,1,1,1,3
1,0,0,1,1,1,0,0,0,0,0,5,1,1,1,1,0,4,46,34,0,1,1,1
1,1,1,1,1,0,1,1,0,1,1,5,0,3,0,3,0,3,25,78,1,1,0,3
0,1,0,1,0,1,1,1,1,1,0,0,1,6,0,-1,1,4,53,20,1,1,1,2
0,0,0,0,1,1,0,1,1,1,1,4,1,3,1,4,1,2,33,35,1,0,1,3
0,0,0,1,1,0,0,1,1,0,0,2,1,6,1,3,0,3,22,21,1,1,1,2
1,1,1,1,0,0,1,1,1,1,1,0,1,4,1,1,0,3,67,53,1,1,0,3
1,1,1,1,0,0,1,1,1,1,1,1,1,3,1,2,0,3,18,11,1,1,1,3
1,1,1,1,1,1,0,1,1,0,0,1,1,1,0,1,1,3,45,78,0,1,1,2
1,0,0,1,0,1,1,0,1,1,0,4,1,5,1,1,0,3,55,61,0,1,0,1
1,1,1,1,1,1,1,0,0,1,1,4,0,0,0,2,0,4,24,55,1,0,1,1
1,0,0,0,0,0,1,1,0,1,1,1,1,1,1,1,1,2,44,72,0,0,1,1
0,1,1,1,1,1,0,1,1,1,1,3,0,4,1,4,1,2,72,52,1,1,1,4
1,1,1,1,1,1,0,1,1,1,1,4,1,4,0,1,1,4,64,54,1,1,0,4
1,0,0,1,1,1,0,0,1,1,1,3,1,4,1,0,0,2,67,52,0,1,1,1
1,1,1,1,1,0,1,1,1,1,1,2,1,1,0,4,0,4,36,28,1,1,0,3
1,1,1,1,0,1,1,1,1,1,1,1,1,0,1,2,1,3,9,71,1,1,1,3
1,1,0,1,0,1,0,1,0,1,1,5,0,3,1,1,0,2,12,24,0,1,1,2
0,1,1,1,0,0,1,1,0,1,0,5,0,0,1,2,1,2,59,46,1,0,1,1
1,1,0,1,1,1,1,1,0,0,1,2,1,0,1,-2,0,3,81,75,1,1,1,3
1,1,0,1,0,1,0,1,1,1,1,3,0,4,1,2,1,4,58,37,1,0,0,3
1,1,1,1,1,0,1,1,1,0,1,1,0,2,0,0,1,3,83,46,0,1,1,2
0,1,1,1,1,1,0,1,0,1,0,3,0,7,0,4,0,4,53,46,1,1,0,2
1,1,1,1,0,0,1,1,1,1,1,2,1,5,1,-3,0,3,80,26,1,1,1,3
0,1,0,0,1,1,0,1,0,0,0,5,0,2,1,1,0,3,37,67,1,0,0,1
1,1,1,1,1,1,1,1,1,1,1,5,0,2,1,1,1,3,82,12,1,1,1,5
1,0,1,1,0,1,0,1,1,0,1,2,0,0,1,3,1,3,25,31,1,1,1,3
1,0,1,1,0,0,0,1,0,0,0,2,0,0,1,4,0,2,40,9,1,1,1,2
1,1,1,1,1,1,1,1,1,1,1,2,0,6,0,1,0,4,34,35,1,1,1,4
0,0,1,0,1,1,1,0,0,0,1,4,0,3,1,1,0,3,62,13,1,1,0,1
1,1,1,1,1,0,1,1,1,1,1,3,0,6,1,3,1,2,60,40,1,1,1,3
1,1,0,1,1,1,0,1,1,1,1,4,0,6,0,4,0,2,45,76,1,1,0,3
1,0,1,0,0,1,1,1,0,1,1,1,1,1,1,4,0,4,41,68,0,0,1,1
1,0,1,0,1,0,0,1,1,0,1,2,0,6,1,3,1,4,31,79,0,0,1,1
0,0,0,1,1,0,0,1,0,1,1,4,1,2,0,3,0,4,82,84,0,1,0,2
0,0,0,1,0,1,0,1,1,1,1,3,0,3,0,1,1,2,53,52,0,0,0,1
0,0,1,1,0,0,0,1,0,0,1,3,1,4,1,3,1,3,23,39,0,1,1,2
1,1,1,1,1,0,1,1,1,1,1,1,0,4,1,-2,1,4,72,73,1,1,1,3
1,1,1,1,0,0,1,1,1,1,1,3,1,3,0,3,1,3,31,83,1,1,1,3
0,1,0,1,1,1,1,0,0,1,1,4,1,4,0,2,0,2,11,34,0,1,1,1
0,1,0,1,1,1,0,1,0,1,1,5,0,7,1,4,0,2,53,80,0,1,0,2
0,1,1,0,0,0,0,1,1,0,0,4,1,0,1,1,0,4,74,24,1,1,0,2
0,1,0,1,1,1,0,1,0,0,1,5,1,5,1,-1,1,2,35,60,0,1,0,2
1,1,0,0,1,1,0,0,0,1,0,5,1,7,0,-2,0,3,14,21,0,1,0,1
1,1,1,1,1,1,1,1,1,1,1,2,0,2,1,1,1,2,35,27,1,1,0,5
1,1,1,1,0,0,0,1,1,1,1,0,0,4,0,0,0,2,51,10,1,1,1,3
1,1,0,0,0,0,0,1,1,0,1,1,1,2,0,2,0,2,63,22,0,0,1,1
1,1,1,1,1,1,1,1,1,1,1,2,0,6,0,2,1,3,12,22,1,1,1,4
1,1,0,1,1,1,1,0,1,0,1,2,0,4,0,-3,0,4,26,54,1,0,1,1
1,1,1,1,0,1,1,1,1,1,1,4,1,5,1,-1,1,3,53,43,1,1,0,3
0,0,1,0,0,1,1,1,1,1,1,0,1,3,0,-3,0,3,24,15,0,1,1,2
1,1,1,1,1,1,1,1,1,0,0,5,0,7,1,-3,1,3,80,55,1,1,1,2
1,1,1,1,0,1,1,1,1,1,1,2,0,1,1,4,1,3,15,46,0,1,0,2
1,0,1,0,1,0,1,0,1,0,1,0,0,7,1,-1,0,3,28,15,0,0,1,1
1,1,0,1,1,0,0,0,1,1,0,1,0,2,1,0,1,4,82,82,0,0,0,1
1,1,1,1,1,1,1,1,1,1,0,1,0,0,1,1,1,3,54,71,0,1,0,2
1,1,0,1,1,1,0,1,1,0,0,3,1,7,1,2,0,3,63,51,0,1,1,2
0,1,1,1,1,0,1,1,1,1,0,2,1,1,0,-3,0,2,10,21,0,0,1,1
0,1,1,1,1,0,0,1,0,0,1,5,1,0,0,0,1,4,56,53,1,1,1,3
1,1,1,0,1,1,0,0,0,0,1,1,1,5,1,3,1,2,21,19,0,1,0,1
1,1,1,1,0,0,0,1,1,0,0,3,0,0,0,0,1,4,27,18,0,1,1,2
1,1,1,1,1,1,1,1,1,1,1,5,1,3,1,3,1,4,70,64,1,1,0,5
